timestamp,slam_pose_x,slam_pose_y,wheel_pose_x,wheel_pose_y,slam_rotation_theta,imu_rotation_theta
1777312770.0243943,,,,,,0.0
1777312770.1336703,,,,,,0.0
1777312770.2142649,,,,,,0.0
1777312770.3134162,,,,,,0.0
1777312770.4134996,,,,,,0.0
1777312770.5134213,,,,,,0.0
1777312770.6144013,,,,,,0.0
1777312770.7256584,,,,,,0.0
1777312770.8143218,,,,,,0.0
1777312770.9143238,,,,,,0.0
1777312771.0147705,,,,,,0.0
1778685543.8643382,0.0029014355745734972,0.004542079912372458,,,-0.0012075766459709906,0.0
1778685543.9039316,-0.005540297978690432,0.015230299305218778,,,-0.0030906153611331157,0.0
1778685543.9450912,-0.0027690783863558864,-0.0015643212594449096,,,0.000994779652321319,0.0
1778685543.9906712,0.005612665649127848,-0.01589011678266121,,,0.004588331455975864,0.0
1778685543.9906712,0.005612665649127848,-0.01589011678266121,,,0.004588331455975864,0.0
1778685544.0563536,-0.0011776904918051514,-0.023775805911980114,,,0.007726485302063545,0.0
1778685544.1025448,0.015229859510950064,-0.012872693454910803,,,0.00439536585370943,0.0
1778685544.1025448,0.015229859510950064,-0.012872693454910803,-0.005553345379319673,0.015329444478257208,0.00439536585370943,0.0
1778685544.1025448,0.015229859510950064,-0.012872693454910803,-0.005553345379319673,0.015329444478257208,0.00439536585370943,0.0
1778685544.183374,-0.000933409486117398,0.017289744776081365,-0.005553345379319673,0.015329444478257208,-0.0057091635670880655,0.0
1778685544.183374,-0.000933409486117398,0.017289744776081365,-0.005553345379319673,0.015329444478257208,-0.0057091635670880655,0.0
1778685544.2359319,0.011065261762096724,0.0011049009819564617,-0.005553345379319673,0.015329444478257208,-0.00011743033009577175,0.0
1778685544.2359319,0.011065261762096724,0.0011049009819564617,-0.005553345379319673,0.015329444478257208,-0.00011743033009577175,0.0
1778685544.285419,0.024904747133970888,-0.004413901812934057,-0.005553345379319673,0.015329444478257208,0.002631228421138832,0.0
1778685544.285419,0.024904747133970888,-0.004413901812934057,-0.005553345379319673,0.015329444478257208,0.002631228421138832,0.0
1778685544.285419,0.024904747133970888,-0.004413901812934057,-0.005553345379319673,0.015329444478257208,0.002631228421138832,0.0
1778685544.3615131,-0.010324565773550148,0.005133600002113496,-0.005553345379319673,0.015329444478257208,-0.00021890079575132273,0.0
1778685544.3615131,-0.010324565773550148,0.005133600002113496,-0.005540297978690432,0.015230299305218778,-0.00021890079575132273,0.0
1778685544.414984,0.008065030393587677,-0.0005409104955924136,-0.005540297978690432,0.015230299305218778,0.0006388742857777037,0.0
1778685544.414984,0.008065030393587677,-0.0005409104955924136,-0.005540297978690432,0.015230299305218778,0.0006388742857777037,0.0
1778685544.4702675,0.0032708429912763678,-0.012043032305720864,-0.005540297978690432,0.015230299305218778,0.004051491278541972,0.0
1778685544.4702675,0.0032708429912763678,-0.012043032305720864,-0.005553345379319673,0.015329444478257208,0.004051491278541972,0.0
1778685544.4702675,0.0032708429912763678,-0.012043032305720864,-0.005553345379319673,0.015329444478257208,0.004051491278541972,0.0
1778685544.5348184,0.003679774608373464,-0.01983407228091459,-0.005553345379319673,0.015329444478257208,0.005860385008014365,0.0
1778685544.593645,-0.0013554969495939986,0.005246525539161269,-0.005553345379319673,0.015329444478257208,-0.0019666214532039344,0.0
1778685544.593645,-0.0013554969495939986,0.005246525539161269,-0.005553345379319673,0.015329444478257208,-0.0019666214532039344,0.0
1778685544.593645,-0.0013554969495939986,0.005246525539161269,-0.005553345379319673,0.015329444478257208,-0.0019666214532039344,0.0
1778685544.6553,-0.0008583450292289854,-0.009311562405096539,-0.005553345379319673,0.015329444478257208,0.0032018820566264115,0.0
1778685544.7069247,0.019602717801476047,-0.03445879695639218,-0.005553345379319673,0.015329444478257208,0.012688792105518912,0.0
1778685544.7069247,0.019602717801476047,-0.03445879695639218,-0.005652490552358102,0.015316397077627967,0.012688792105518912,0.0
1778685544.7069247,0.019602717801476047,-0.03445879695639218,-0.005652490552358102,0.015316397077627967,0.012688792105518912,0.0
1778685544.756005,-0.005070148744719518,0.004888459757241321,-0.005652490552358102,0.015316397077627967,-0.0021813462075915726,0.0
1778685544.8048205,0.0026012846416606406,0.0024984809269547555,-0.005652490552358102,0.015316397077627967,-0.00011978062548367754,0.0
1778685544.85568,0.0024577648412087002,-0.00811172258040898,-0.005652490552358102,0.015316397077627967,0.0025326554863380037,0.0
1778685544.907046,-0.005101903770877925,0.02090506208464194,-0.005652490552358102,0.015316397077627967,-0.006920605033729774,0.0
1778685544.907046,-0.005101903770877925,0.02090506208464194,-0.005553345379319673,0.015329444478257208,-0.006920605033729774,0.0
1778685544.907046,-0.005101903770877925,0.02090506208464194,-0.005553345379319673,0.015329444478257208,-0.006920605033729774,0.0
1778685544.9728687,0.012497562700957587,0.004562731195620813,-0.005553345379319673,0.015329444478257208,-0.0008321057633430837,0.0
1778685544.9728687,0.012497562700957587,0.004562731195620813,-0.005553345379319673,0.015329444478257208,-0.0008321057633430837,0.0
1778685545.0251968,-0.019846373841750392,-0.02586662349416599,-0.005553345379319673,0.015329444478257208,0.007023558853496372,0.0
1778685545.0251968,-0.019846373841750392,-0.02586662349416599,-0.005553345379319673,0.015329444478257208,0.007023558853496372,0.0
1778685545.0818522,-0.002314505316022405,0.012473770345094067,-0.005553345379319673,0.015329444478257208,-0.004195009539711055,0.0
1778685545.0818522,-0.002314505316022405,0.012473770345094067,-0.005652490552358102,0.015316397077627967,-0.004195009539711055,0.0
1778685545.1273158,-0.00970368564249793,0.010759893042250723,-0.005652490552358102,0.015316397077627967,-0.004407825203330248,0.0
1778685545.1273158,-0.00970368564249793,0.010759893042250723,-0.005652490552358102,0.015316397077627967,-0.004407825203330248,0.0
1778685545.192083,0.009243390051527968,-0.004127587939345631,-0.005652490552358102,0.015316397077627967,0.0013248950571147103,0.0
1778685545.192083,0.009243390051527968,-0.004127587939345631,-0.005553345379319673,0.015329444478257208,0.0013248950571147103,0.0
1778685545.192083,0.009243390051527968,-0.004127587939345631,-0.005553345379319673,0.015329444478257208,0.0013248950571147103,0.0
1778685545.2483485,0.006918526637992272,-0.003699548873730663,-0.005553345379319673,0.015329444478257208,0.0012966416175446572,0.0
1778685545.2983131,0.005232488774592184,0.014635978893858408,-0.005553345379319673,0.015329444478257208,-0.0033399741130659103,0.0
1778685545.2983131,0.005232488774592184,0.014635978893858408,-0.005553345379319673,0.015329444478257208,-0.0033399741130659103,0.0
1778685545.2983131,0.005232488774592184,0.014635978893858408,-0.005553345379319673,0.015329444478257208,-0.0033399741130659103,0.0
1778685545.3490534,0.03210613869775716,-0.010248482917756633,-0.005553345379319673,0.015329444478257208,0.004685625440690707,0.0
1778685545.3920043,-0.008644380584030841,0.004679027581091361,-0.005553345379319673,0.015329444478257208,-0.0018623896676757713,0.0
1778685545.3920043,-0.008644380584030841,0.004679027581091361,-0.005553345379319673,0.015329444478257208,-0.0018623896676757713,0.0
1778685545.3920043,-0.008644380584030841,0.004679027581091361,-0.005553345379319673,0.015329444478257208,-0.0018623896676757713,0.0
1778685545.4415872,-0.009308246298381164,0.02077459369353693,-0.005553345379319673,0.015329444478257208,-0.006952246529914657,0.0
1778685545.4898517,0.0002819037128710988,-0.0225259988952908,-0.005553345379319673,0.015329444478257208,0.006991607497870025,0.0
1778685545.4898517,0.0002819037128710988,-0.0225259988952908,-0.005553345379319673,0.015329444478257208,0.006991607497870025,0.0
1778685545.5349185,0.00562596289448038,-0.002272810319060909,-0.005553345379319673,0.015329444478257208,0.00048159610500263895,0.0
1778685545.5349185,0.00562596289448038,-0.002272810319060909,-0.005553345379319673,0.015329444478257208,0.00048159610500263895,0.0
1778685545.5920343,-0.011808575490858403,0.007766458650890286,-0.005553345379319673,0.015329444478257208,-0.004007583022846633,0.0
1778685545.5920343,-0.011808575490858403,0.007766458650890286,-0.005553345379319673,0.015329444478257208,-0.004007583022846633,0.0
1778685545.5920343,-0.011808575490858403,0.007766458650890286,-0.005553345379319673,0.015329444478257208,-0.004007583022846633,0.0
1778685545.645675,-0.0013643508299965106,-0.010840251321909477,-0.005553345379319673,0.015329444478257208,0.003614370085223559,0.0
1778685545.6960325,0.007192606205428546,0.023864000988173928,-0.005553345379319673,0.015329444478257208,-0.005378367551067741,0.0
1778685545.6960325,0.007192606205428546,0.023864000988173928,-0.005553345379319673,0.015329444478257208,-0.005378367551067741,0.0
1778685545.6960325,0.007192606205428546,0.023864000988173928,-0.005553345379319673,0.015329444478257208,-0.005378367551067741,0.0
1778685545.7542706,-0.004882786011503867,0.006786909021835527,-0.005553345379319673,0.015329444478257208,-0.002432545714102677,0.0
1778685545.8070736,0.006129524698013028,-0.014879231361766528,-0.005553345379319673,0.015329444478257208,0.005661952419921855,0.0
1778685545.8070736,0.006129524698013028,-0.014879231361766528,-0.005553345379319673,0.015329444478257208,0.005661952419921855,0.0
1778685545.8070736,0.006129524698013028,-0.014879231361766528,-0.005553345379319673,0.015329444478257208,0.005661952419921855,0.0
1778685545.8673825,0.009675848406891419,-0.0205182157018304,-0.005553345379319673,0.015329444478257208,0.005910980276413037,0.0
1778685545.8673825,0.009675848406891419,-0.0205182157018304,-0.005540297978690432,0.015230299305218778,0.005910980276413037,0.0
1778685545.9225488,-0.014681043441217753,-0.002633149185538258,-0.005540297978690432,0.015230299305218778,0.0005529252139327872,0.0
1778685545.9225488,-0.014681043441217753,-0.002633149185538258,-0.005540297978690432,0.015230299305218778,0.0005529252139327872,0.0
1778685545.9782994,0.0006673798959991472,0.011611325321876222,-0.005540297978690432,0.015230299305218778,-0.0023830075624800967,0.0
1778685545.9782994,0.0006673798959991472,0.011611325321876222,-0.005553345379319673,0.015329444478257208,-0.0023830075624800967,0.0
1778685546.0250638,0.002480610656558383,-0.008085609330110287,-0.005553345379319673,0.015329444478257208,0.0022468090489995256,0.0
1778685546.0250638,0.002480610656558383,-0.008085609330110287,-0.005553345379319673,0.015329444478257208,0.0022468090489995256,0.0
1778685546.0854976,-0.0027727159700425543,0.001052719816238259,-0.005553345379319673,0.015329444478257208,7.906805471017545e-05,0.0
1778685546.0854976,-0.0027727159700425543,0.001052719816238259,-0.005553345379319673,0.015329444478257208,7.906805471017545e-05,0.0
1778685546.0854976,-0.0027727159700425543,0.001052719816238259,-0.005553345379319673,0.015329444478257208,7.906805471017545e-05,0.0
1778685546.1353333,-0.0005915843191050954,-0.008712731065004108,-0.005553345379319673,0.015329444478257208,0.002672097276457053,0.0
1778685546.1852283,0.0057283071809984,-0.017349069711076935,-0.005553345379319673,0.015329444478257208,0.005723595296602129,0.0
1778685546.1852283,0.0057283071809984,-0.017349069711076935,-0.005553345379319673,0.015329444478257208,0.005723595296602129,0.0
1778685546.1852283,0.0057283071809984,-0.017349069711076935,-0.005553345379319673,0.015329444478257208,0.005723595296602129,0.0
1778685546.2505684,0.0055484711787426024,0.0013118399642840473,-0.005553345379319673,0.015329444478257208,-0.00022093623500397743,0.0
1778685546.3029432,0.00732463147955923,-0.008204323629693932,-0.005553345379319673,0.015329444478257208,0.002728578544209844,0.0
1778685546.3029432,0.00732463147955923,-0.008204323629693932,-0.005553345379319673,0.015329444478257208,0.002728578544209844,0.0
1778685546.3029432,0.00732463147955923,-0.008204323629693932,-0.005553345379319673,0.015329444478257208,0.002728578544209844,0.0
1778685546.3510733,-0.010104357156822516,-0.005898700737848067,-0.005553345379319673,0.015329444478257208,0.0019783613120867355,0.0
1778685546.3979359,-0.0006856961345915807,0.003958297719036239,-0.005553345379319673,0.015329444478257208,-0.0013564440209293822,0.0
1778685546.3979359,-0.0006856961345915807,0.003958297719036239,-0.005553345379319673,0.015329444478257208,-0.0013564440209293822,0.0
1778685546.3979359,-0.0006856961345915807,0.003958297719036239,-0.005553345379319673,0.015329444478257208,-0.0013564440209293822,0.0
1778685546.4523203,0.012571326165189476,-0.006569413449407648,-0.005553345379319673,0.015329444478257208,0.0020828783482698793,0.0
1778685546.4973557,-0.03173736641747382,0.011907193208672425,-0.005553345379319673,0.015329444478257208,-0.0040915517122519065,0.0
1778685546.4973557,-0.03173736641747382,0.011907193208672425,-0.005553345379319673,0.015329444478257208,-0.0040915517122519065,0.0
1778685546.4973557,-0.03173736641747382,0.011907193208672425,-0.005553345379319673,0.015329444478257208,-0.0040915517122519065,0.0
1778685546.5513885,-0.010346074279074401,-0.000433197746609455,-0.005553345379319673,0.015329444478257208,0.0004893530674139995,0.0
1778685546.602116,0.003158267491401148,-0.013160793702329044,-0.005553345379319673,0.015329444478257208,0.004107002575266835,0.0
1778685546.602116,0.003158267491401148,-0.013160793702329044,-0.005553345379319673,0.015329444478257208,0.004107002575266835,0.0
1778685546.602116,0.003158267491401148,-0.013160793702329044,-0.005553345379319673,0.015329444478257208,0.004107002575266835,0.0
1778685546.655492,-0.006538535597703685,0.027204873202247654,-0.005553345379319673,0.015329444478257208,-0.01022841176967592,0.0
1778685546.707261,-0.02044017691562249,0.016907259860641545,-0.005553345379319673,0.015329444478257208,-0.006740638739755134,0.0
1778685546.707261,-0.02044017691562249,0.016907259860641545,-0.005553345379319673,0.015329444478257208,-0.006740638739755134,0.0
1778685546.707261,-0.02044017691562249,0.016907259860641545,-0.005553345379319673,0.015329444478257208,-0.006740638739755134,0.0
1778685546.7670345,0.008108066428163965,-0.00022964032734472539,-0.005553345379319673,0.015329444478257208,0.00015482276612516108,0.0
1778685546.7670345,0.008108066428163965,-0.00022964032734472539,-0.005540297978690432,0.015230299305218778,0.00015482276612516108,0.0
1778685546.7670345,0.008108066428163965,-0.00022964032734472539,-0.005540297978690432,0.015230299305218778,0.00015482276612516108,0.0
1778685546.8376243,0.02292274678592321,0.0005639599850317722,-0.005540297978690432,0.015230299305218778,0.0007214185123838257,0.0
1778685546.8878853,0.0031049170418132235,-0.003957995735719294,-0.005540297978690432,0.015230299305218778,0.001428733889870281,0.0
1778685546.8878853,0.0031049170418132235,-0.003957995735719294,-0.005553345379319673,0.015329444478257208,0.001428733889870281,0.0
1778685546.8878853,0.0031049170418132235,-0.003957995735719294,-0.005553345379319673,0.015329444478257208,0.001428733889870281,0.0
1778685546.9405077,0.008334450750531687,-0.018657746112425513,-0.005553345379319673,0.015329444478257208,0.00524480350327906,0.0
1778685546.9894526,-0.008148012681881483,-0.0004951202813855388,-0.005553345379319673,0.015329444478257208,0.0010421042018067227,0.0
1778685547.0402484,0.0055821880335552125,-0.01248215439287327,-0.005553345379319673,0.015329444478257208,0.003847413189156801,0.0
1778685547.0925527,0.0030143945308232106,-0.005429235642584047,-0.005553345379319673,0.015329444478257208,0.0017965653040168668,0.0
1778685547.0925527,0.0030143945308232106,-0.005429235642584047,-0.005553345379319673,0.015329444478257208,0.0017965653040168668,0.0
1778685547.1531947,0.005475816417429087,-0.008906885331739146,-0.005553345379319673,0.015329444478257208,0.00272385761660115,0.0
1778685547.2015643,-0.009990843041554854,-0.01625466454070879,-0.005553345379319673,0.015329444478257208,0.005351450330756711,0.0
1778685547.2015643,-0.009990843041554854,-0.01625466454070879,-0.005553345379319673,0.015329444478257208,0.005351450330756711,0.0
1778685547.2015643,-0.009990843041554854,-0.01625466454070879,-0.005553345379319673,0.015329444478257208,0.005351450330756711,0.0
1778685547.2661629,0.004599877911694421,-0.003730206189650062,-0.005553345379319673,0.015329444478257208,0.001576547255205916,0.0
1778685547.2661629,0.004599877911694421,-0.003730206189650062,-0.005540297978690432,0.015230299305218778,0.001576547255205916,0.0
1778685547.3203306,0.006056644554766536,-0.0003568286457691556,-0.005540297978690432,0.015230299305218778,0.0007087259135718278,0.0
1778685547.3203306,0.006056644554766536,-0.0003568286457691556,-0.005540297978690432,0.015230299305218778,0.0007087259135718278,0.0
1778685547.3873546,-0.0017935294446615444,0.02218538053181666,-0.005540297978690432,0.015230299305218778,-0.0054161150779850524,0.0
1778685547.3873546,-0.0017935294446615444,0.02218538053181666,-0.005652490552358102,0.015316397077627967,-0.0054161150779850524,0.0
1778685547.3873546,-0.0017935294446615444,0.02218538053181666,-0.005652490552358102,0.015316397077627967,-0.0054161150779850524,0.0
1778685547.4439273,-0.016246968580247084,0.008593571207252466,-0.005652490552358102,0.015316397077627967,-0.003709909057221839,0.0
1778685547.4962194,0.004106023022707632,-0.0027885271927530083,-0.005652490552358102,0.015316397077627967,0.0008281345154651699,0.0
1778685547.4962194,0.004106023022707632,-0.0027885271927530083,-0.005553345379319673,0.015329444478257208,0.0008281345154651699,0.0
1778685547.4962194,0.004106023022707632,-0.0027885271927530083,-0.005553345379319673,0.015329444478257208,0.0008281345154651699,0.0
1778685547.5489829,0.004757675385611492,0.00614475926225316,-0.005553345379319673,0.015329444478257208,-0.00230915529239321,0.0
1778685547.6002264,0.01587195939057119,-0.024472223789312637,-0.005553345379319673,0.015329444478257208,0.00878134853113494,0.0
1778685547.6002264,0.01587195939057119,-0.024472223789312637,-0.005553345379319673,0.015329444478257208,0.00878134853113494,0.0
1778685547.6002264,0.01587195939057119,-0.024472223789312637,-0.005553345379319673,0.015329444478257208,0.00878134853113494,0.0
1778685547.6508245,-0.0011702132350515058,0.02542453413503921,-0.005553345379319673,0.015329444478257208,-0.007770731882147047,0.0
1778685547.6936398,0.014698370764373976,0.004306031689294287,-0.005553345379319673,0.015329444478257208,-0.0005935855165464031,0.0
1778685547.6936398,0.014698370764373976,0.004306031689294287,-0.005553345379319673,0.015329444478257208,-0.0005935855165464031,0.0
1778685547.6936398,0.014698370764373976,0.004306031689294287,-0.005553345379319673,0.015329444478257208,-0.0005935855165464031,0.0
1778685547.7537038,-0.005241259954571433,0.02257736877898634,-0.005553345379319673,0.015329444478257208,-0.006924343007344362,0.0
1778685547.8035734,0.023295710838479408,0.00943949971563029,-0.005553345379319673,0.015329444478257208,-0.002104933105483157,0.0
1778685547.8035734,0.023295710838479408,0.00943949971563029,-0.005652490552358102,0.015316397077627967,-0.002104933105483157,0.0
1778685547.8035734,0.023295710838479408,0.00943949971563029,-0.005652490552358102,0.015316397077627967,-0.002104933105483157,0.0
1778685547.8610742,0.010930167763310237,-0.03765132147713737,-0.005652490552358102,0.015316397077627967,0.01173129384772952,0.0
1778685547.9178433,0.007977704154359343,-0.01860885112208257,-0.005652490552358102,0.015316397077627967,0.0064401467590108966,0.0
1778685547.9178433,0.007977704154359343,-0.01860885112208257,-0.005553345379319673,0.015329444478257208,0.0064401467590108966,0.0
1778685547.9178433,0.007977704154359343,-0.01860885112208257,-0.005553345379319673,0.015329444478257208,0.0064401467590108966,0.0
1778685547.9755604,-0.001567478936111911,0.004475667638079699,-0.005553345379319673,0.015329444478257208,-0.00019575795278947846,0.0
1778685547.9755604,-0.001567478936111911,0.004475667638079699,-0.005553345379319673,0.015329444478257208,-0.00019575795278947846,0.0
1778685547.9755604,-0.001567478936111911,0.004475667638079699,-0.005553345379319673,0.015329444478257208,-0.00019575795278947846,0.0
1778685548.0277529,0.008223889874261658,-0.017266269622763845,-0.005553345379319673,0.015329444478257208,0.0054783854875949155,0.0
1778685548.084303,0.01290141808892713,-0.014421851854258875,-0.005553345379319673,0.015329444478257208,0.004178675060738048,0.0
1778685548.084303,0.01290141808892713,-0.014421851854258875,-0.005652490552358102,0.015316397077627967,0.004178675060738048,0.0
1778685548.084303,0.01290141808892713,-0.014421851854258875,-0.005652490552358102,0.015316397077627967,0.004178675060738048,0.0
1778685548.1356134,0.004927455996934441,0.010099395015108292,-0.005652490552358102,0.015316397077627967,-0.001998256647979394,0.0
1778685548.1801224,-0.01153337456314557,-0.009720763283256318,-0.005652490552358102,0.015316397077627967,0.0032179929669487557,0.0
1778685548.1801224,-0.01153337456314557,-0.009720763283256318,-0.005553345379319673,0.015329444478257208,0.0032179929669487557,0.0
1778685548.1801224,-0.01153337456314557,-0.009720763283256318,-0.005553345379319673,0.015329444478257208,0.0032179929669487557,0.0
1778685548.2510204,0.01811893519227715,0.019053012705622905,-0.005553345379319673,0.015329444478257208,-0.005197807756411908,0.0
1778685548.3049316,-0.0008044714212182953,0.02939450049931736,-0.005553345379319673,0.015329444478257208,-0.00995489823936255,0.0
1778685548.3049316,-0.0008044714212182953,0.02939450049931736,-0.005553345379319673,0.015329444478257208,-0.00995489823936255,0.0
1778685548.3049316,-0.0008044714212182953,0.02939450049931736,-0.005553345379319673,0.015329444478257208,-0.00995489823936255,0.0
1778685548.3841834,-0.002546626114401988,0.050791392354729,-0.005553345379319673,0.015329444478257208,-0.01638810241065625,0.0
1778685548.3841834,-0.002546626114401988,0.050791392354729,-0.005553345379319673,0.015329444478257208,-0.01638810241065625,0.0
1778685548.3841834,-0.002546626114401988,0.050791392354729,-0.005553345379319673,0.015329444478257208,-0.01638810241065625,0.0
1778685548.4579744,0.026649338143505702,-0.023585266000186948,-0.005553345379319673,0.015329444478257208,0.008695525222478824,0.0
1778685548.5076172,0.015214879651718093,0.004213756362046695,-0.005553345379319673,0.015329444478257208,-0.000823809907258373,0.0
1778685548.5076172,0.015214879651718093,0.004213756362046695,-0.005553345379319673,0.015329444478257208,-0.000823809907258373,0.0
1778685548.5076172,0.015214879651718093,0.004213756362046695,-0.005553345379319673,0.015329444478257208,-0.000823809907258373,0.0
1778685548.567881,0.002701854249080952,-0.014325004249025823,-0.005553345379319673,0.015329444478257208,0.004487190496753324,0.0
1778685548.567881,0.002701854249080952,-0.014325004249025823,-0.005553345379319673,0.015329444478257208,0.004487190496753324,0.0
1778685548.6216033,0.0022140205414666525,0.005071335398094334,-0.005553345379319673,0.015329444478257208,-0.001624918025372341,0.0
1778685548.6216033,0.0022140205414666525,0.005071335398094334,-0.005553345379319673,0.015329444478257208,-0.001624918025372341,0.0
1778685548.6732903,0.020162693554442286,0.008178234814979873,-0.005553345379319673,0.015329444478257208,-0.0016897401141639688,0.0
1778685548.6732903,0.020162693554442286,0.008178234814979873,-0.005553345379319673,0.015329444478257208,-0.0016897401141639688,0.0
1778685548.7207088,0.00211955481025052,0.012226631013644351,-0.005553345379319673,0.015329444478257208,-0.004092815703024031,0.0
1778685548.7207088,0.00211955481025052,0.012226631013644351,-0.005553345379319673,0.015329444478257208,-0.004092815703024031,0.0
1778685548.7759867,0.006248621770321734,-0.028205079737263695,-0.005553345379319673,0.015329444478257208,0.007805383473976629,0.0
1778685548.7759867,0.006248621770321734,-0.028205079737263695,-0.005553345379319673,0.015329444478257208,0.007805383473976629,0.0
1778685548.8241498,0.010377177803326958,0.006054135758787879,-0.005553345379319673,0.015329444478257208,-0.0014031261235333272,0.0
1778685548.8241498,0.010377177803326958,0.006054135758787879,-0.005553345379319673,0.015329444478257208,-0.0014031261235333272,0.0
1778685548.8732796,0.0024893050887717437,0.013672103874078403,-0.005553345379319673,0.015329444478257208,-0.004460359653563273,0.0
1778685548.8732796,0.0024893050887717437,0.013672103874078403,-0.005553345379319673,0.015329444478257208,-0.004460359653563273,0.0
1778685548.9273467,0.01671403524567313,-0.006060902696284814,-0.005553345379319673,0.015329444478257208,0.0026695259137461693,0.0
1778685548.9824567,-0.004952936253624557,0.001101235696483286,-0.005553345379319673,0.015329444478257208,-0.0008657185490805149,0.0
1778685548.9824567,-0.004952936253624557,0.001101235696483286,-0.005553345379319673,0.015329444478257208,-0.0008657185490805149,0.0
1778685548.9824567,-0.004952936253624557,0.001101235696483286,-0.005553345379319673,0.015329444478257208,-0.0008657185490805149,0.0
1778685549.043863,0.014282918130010785,0.005413640054301254,-0.005553345379319673,0.015329444478257208,-0.0013476623285484525,0.0
1778685549.043863,0.014282918130010785,0.005413640054301254,-0.005553345379319673,0.015329444478257208,-0.0013476623285484525,0.0
1778685549.1190984,-0.0008143604791848703,0.017518426288036834,-0.005553345379319673,0.015329444478257208,-0.0033324037951690737,0.0
1778685549.1190984,-0.0008143604791848703,0.017518426288036834,-0.005553345379319673,0.015329444478257208,-0.0033324037951690737,0.0
1778685549.1870759,0.010501815501102556,0.004047929673076737,-0.005553345379319673,0.015329444478257208,-0.0010214510491910716,0.0
1778685549.234501,0.012920184634831458,-0.009260227703204634,-0.005553345379319673,0.015329444478257208,0.0029514168339177123,0.0
1778685549.234501,0.012920184634831458,-0.009260227703204634,-0.005553345379319673,0.015329444478257208,0.0029514168339177123,0.0
1778685549.234501,0.012920184634831458,-0.009260227703204634,-0.005553345379319673,0.015329444478257208,0.0029514168339177123,0.0
1778685549.2843575,0.005833382352409444,-0.010758935010500239,-0.005553345379319673,0.015329444478257208,0.003811407031696532,0.0
1778685549.2843575,0.005833382352409444,-0.010758935010500239,-0.005553345379319673,0.015329444478257208,0.003811407031696532,0.0
1778685549.3300679,0.021770198247494137,-0.03988722123209362,-0.005553345379319673,0.015329444478257208,0.017493871797008773,0.0
1778685549.3300679,0.021770198247494137,-0.03988722123209362,-0.005553345379319673,0.015329444478257208,0.017493871797008773,0.0
1778685549.3821936,-0.002186375978238175,0.009494380642832936,-0.005553345379319673,0.015329444478257208,-0.0038339688267000228,0.0
1778685549.3821936,-0.002186375978238175,0.009494380642832936,-0.005553345379319673,0.015329444478257208,-0.0038339688267000228,0.0
1778685549.4276524,0.01138044218033383,-0.0023026677031931513,-0.005553345379319673,0.015329444478257208,0.0014640705052615664,0.0
1778685549.4276524,0.01138044218033383,-0.0023026677031931513,-0.005553345379319673,0.015329444478257208,0.0014640705052615664,0.0
1778685549.484235,0.008172168040681299,-0.015815554515781743,-0.005553345379319673,0.015329444478257208,0.004966019078182329,0.0
1778685549.5225592,0.014841789289989265,-0.003227511668442503,-0.005553345379319673,0.015329444478257208,0.001993291170544281,0.0
1778685549.5225592,0.014841789289989265,-0.003227511668442503,-0.005553345379319673,0.015329444478257208,0.001993291170544281,0.0
1778685549.5225592,0.014841789289989265,-0.003227511668442503,-0.005553345379319673,0.015329444478257208,0.001993291170544281,0.0
1778685549.5994518,-0.010686455426651264,0.005257491164495719,-0.005553345379319673,0.015329444478257208,-0.0027198405125060756,0.0
1778685549.5994518,-0.010686455426651264,0.005257491164495719,-0.005553345379319673,0.015329444478257208,-0.0027198405125060756,0.0
1778685549.5994518,-0.010686455426651264,0.005257491164495719,-0.005553345379319673,0.015329444478257208,-0.0027198405125060756,0.0
1778685549.665946,-0.00965096641656828,0.016459623101541924,-0.005553345379319673,0.015329444478257208,-0.005530957126549017,0.0
1778685549.7059684,-0.0051601330836224405,0.019866851474502255,-0.005553345379319673,0.015329444478257208,-0.007513106360705608,0.0
1778685549.7059684,-0.0051601330836224405,0.019866851474502255,-0.0048332343667921865,0.015222485936585034,-0.007513106360705608,0.0
1778685549.7059684,-0.0051601330836224405,0.019866851474502255,-0.0048332343667921865,0.015222485936585034,-0.007513106360705608,0.0
1778685549.7573996,-0.012458409082623802,0.016678794654436273,-0.0048332343667921865,0.015222485936585034,-0.005716350075689516,0.0
1778685549.805767,-0.007445985365097386,-0.011568092153717829,-0.0048332343667921865,0.015222485936585034,0.0036742242940708703,0.0
1778685549.805767,-0.007445985365097386,-0.011568092153717829,-0.003207769396289595,0.015133808827537601,0.0036742242940708703,0.0
1778685549.805767,-0.007445985365097386,-0.011568092153717829,-0.003207769396289595,0.015133808827537601,0.0036742242940708703,0.00015335814985650842
1778685549.8589907,-0.010263284723484957,-0.009103236123713374,-0.003207769396289595,0.015133808827537601,0.0030840598009238985,0.00015335814985650842
1778685549.9030786,0.003007138093517369,-0.004643885565614994,-0.003207769396289595,0.015133808827537601,0.0015320117751640152,0.00015335814985650842
1778685549.9030786,0.003007138093517369,-0.004643885565614994,0.00034059606383087405,0.014995596811330456,0.0015320117751640152,0.00015335814985650842
1778685549.9030786,0.003007138093517369,-0.004643885565614994,0.00034059606383087405,0.014995596811330456,0.0015320117751640152,0.00012973213346256784
1778685549.9605677,0.007553328581366259,0.0024478033711565674,0.00034059606383087405,0.014995596811330456,-0.000979664667615428,0.00012973213346256784
1778685550.013386,-0.004175082099834981,0.011792940664276443,0.00034059606383087405,0.014995596811330456,-0.0037973841574088923,0.00012973213346256784
1778685550.013386,-0.004175082099834981,0.011792940664276443,0.005488331693195455,0.014966998032152734,-0.0037973841574088923,0.00012973213346256784
1778685550.013386,-0.004175082099834981,0.011792940664276443,0.005488331693195455,0.014966998032152734,-0.0037973841574088923,-0.00023395817362636961
1778685550.0689983,0.004171258324749033,-0.00458594714228326,0.005488331693195455,0.014966998032152734,0.0011783425017581524,-0.00023395817362636961
1778685550.0689983,0.004171258324749033,-0.00458594714228326,0.01267116038584558,0.014802766573406113,0.0011783425017581524,-0.00023395817362636961
1778685550.127598,-0.0009278511401339529,-0.00760223511735137,0.01267116038584558,0.014802766573406113,0.002144684364937516,-0.00023395817362636961
1778685550.127598,-0.0009278511401339529,-0.00760223511735137,0.01267116038584558,0.014802766573406113,0.002144684364937516,-0.0004743889208018714
1778685550.1981735,0.0013511080371022216,-0.03021163367719535,0.01267116038584558,0.014802766573406113,0.008670387568350176,-0.0004743889208018714
1778685550.1981735,0.0013511080371022216,-0.03021163367719535,0.02124202150103372,0.014821198723468864,0.008670387568350176,-0.0004743889208018714
1778685550.1981735,0.0013511080371022216,-0.03021163367719535,0.02124202150103372,0.014821198723468864,0.008670387568350176,0.00032966982555304725
1778685550.2486095,-0.012025797577647154,-0.0022059181319747834,0.02124202150103372,0.014821198723468864,0.0001682940600710746,0.00032966982555304725
1778685550.287077,0.00012251210059548612,-0.009975297736000328,0.02124202150103372,0.014821198723468864,0.003053232795114882,0.00032966982555304725
1778685550.287077,0.00012251210059548612,-0.009975297736000328,0.029786787814963377,0.015037921219608473,0.003053232795114882,0.00032966982555304725
1778685550.3434134,-0.006112447127524319,0.020714155189190477,0.029786787814963377,0.015037921219608473,-0.005845645473109776,0.00032966982555304725
1778685550.3434134,-0.006112447127524319,0.020714155189190477,0.029786787814963377,0.015037921219608473,-0.005845645473109776,0.0007096733608449314
1778685550.4009054,0.022782110861566708,0.00528273330429829,0.029786787814963377,0.015037921219608473,-0.00032452375197867904,0.0007096733608449314
1778685550.4009054,0.022782110861566708,0.00528273330429829,0.037987163039256276,0.014805873421077403,-0.00032452375197867904,0.0007096733608449314
1778685550.4009054,0.022782110861566708,0.00528273330429829,0.037987163039256276,0.014805873421077403,-0.00032452375197867904,-0.0003776451110590884
1778685550.4544566,0.002251331741793365,-0.0008923690249416155,0.037987163039256276,0.014805873421077403,0.0006569284854784064,-0.0003776451110590884
1778685550.5043736,-0.009638732925656314,0.00785597487032203,0.037987163039256276,0.014805873421077403,-0.002898638613634888,-0.0003776451110590884
1778685550.5043736,-0.009638732925656314,0.00785597487032203,0.04654497675381517,0.014923450744178585,-0.002898638613634888,-0.0003776451110590884
1778685550.5043736,-0.009638732925656314,0.00785597487032203,0.04654497675381517,0.014923450744178585,-0.002898638613634888,-0.000129381594438982
1778685550.5561585,0.01859657500421872,-0.008423890871377864,0.04654497675381517,0.014923450744178585,0.0033617271849945615,-0.000129381594438982
1778685550.6123004,-0.015754495845995736,-0.016536892980013648,0.04654497675381517,0.014923450744178585,0.004028559871847765,-0.000129381594438982
1778685550.6123004,-0.015754495845995736,-0.016536892980013648,0.05540022598748936,0.015080170269167486,0.004028559871847765,-0.000129381594438982
1778685550.6123004,-0.015754495845995736,-0.016536892980013648,0.05540022598748936,0.015080170269167486,0.004028559871847765,0.0013102058513760897
1778685550.6946323,0.017325147600357922,0.012918917282082703,0.05540022598748936,0.015080170269167486,-0.0037549187604916357,0.0013102058513760897
1778685550.6946323,0.017325147600357922,0.012918917282082703,0.06316487831774081,0.015093368387234738,-0.0037549187604916357,0.0013102058513760897
1778685550.6946323,0.017325147600357922,0.012918917282082703,0.06316487831774081,0.015093368387234738,-0.0037549187604916357,0.0006366557982859788
1778685550.746948,0.03257647863369948,-0.028137543861333825,0.06316487831774081,0.015093368387234738,0.010537215267712311,0.0006366557982859788
1778685550.7917285,0.02451796887692126,0.015354752689799056,0.06316487831774081,0.015093368387234738,-0.004601329800474173,0.0006366557982859788
1778685550.7917285,0.02451796887692126,0.015354752689799056,0.07011027446242636,0.015200477646344922,-0.004601329800474173,0.0006366557982859788
1778685550.7917285,0.02451796887692126,0.015354752689799056,0.07011027446242636,0.015200477646344922,-0.004601329800474173,2.227389813924674e-05
1778685550.8406947,-0.0006162881504542384,0.026808950339356274,0.07011027446242636,0.015200477646344922,-0.008792759399382814,2.227389813924674e-05
1778685550.8855379,0.029179602427820556,-0.0018033548074278514,0.07011027446242636,0.015200477646344922,0.0011087804046761819,2.227389813924674e-05
1778685550.9252622,0.009278078964140605,-0.017660722681806646,0.07011027446242636,0.015200477646344922,0.0047550388893510915,2.227389813924674e-05
1778685550.9252622,0.009278078964140605,-0.017660722681806646,0.07848284523153766,0.015192814995149193,0.0047550388893510915,2.227389813924674e-05
1778685550.9252622,0.009278078964140605,-0.017660722681806646,0.07848284523153766,0.015192814995149193,0.0047550388893510915,0.0013359782931550157
1778685550.985509,0.023892924819523615,0.009960576089360131,0.07848284523153766,0.015192814995149193,-0.002697528308393181,0.0013359782931550157
1778685550.985509,0.023892924819523615,0.009960576089360131,0.08675627082761049,0.015172104943324223,-0.002697528308393181,0.0013359782931550157
1778685551.0441852,0.043396743280859934,-0.0042109101896030555,0.08675627082761049,0.015172104943324223,0.004036524170823222,0.0013359782931550157
1778685551.0441852,0.043396743280859934,-0.0042109101896030555,0.08675627082761049,0.015172104943324223,0.004036524170823222,0.0019253748689878059
1778685551.0912979,0.06578822732931622,0.018958396545847335,0.08675627082761049,0.015172104943324223,-0.004030510049137037,0.0019253748689878059
1778685551.0912979,0.06578822732931622,0.018958396545847335,0.09231363454975805,0.015096550593625037,-0.004030510049137037,0.0019253748689878059
1778685551.0912979,0.06578822732931622,0.018958396545847335,0.09231363454975805,0.015096550593625037,-0.004030510049137037,0.0010196257935577435
1778685551.1645062,0.055922964316502205,-0.0029256090781520925,0.09231363454975805,0.015096550593625037,0.0028063893618846133,0.0010196257935577435
1778685551.1645062,0.055922964316502205,-0.0029256090781520925,0.0991729329220344,0.01509146727906755,0.0028063893618846133,0.0010196257935577435
1778685551.1645062,0.055922964316502205,-0.0029256090781520925,0.0991729329220344,0.01509146727906755,0.0028063893618846133,0.0012626827596857737
1778685551.237885,0.07617058954004143,-0.003008525663987257,0.0991729329220344,0.01509146727906755,0.0032979285613810236,0.0012626827596857737
1778685551.2781284,0.08517058956172832,-0.023244762070379864,0.0991729329220344,0.01509146727906755,0.00974577466261957,0.0012626827596857737
1778685551.2781284,0.08517058956172832,-0.023244762070379864,0.10692453785165662,0.015203810570173231,0.00974577466261957,0.0012626827596857737
1778685551.2781284,0.08517058956172832,-0.023244762070379864,0.10692453785165662,0.015203810570173231,0.00974577466261957,0.002216660743222576
1778685551.3380916,0.047130041994618295,-0.0028459069617503586,0.10692453785165662,0.015203810570173231,0.003800510143523289,0.002216660743222576
1778685551.38158,0.057968371142590965,0.012253660078435473,0.10692453785165662,0.015203810570173231,0.0012256960940236431,0.002216660743222576
1778685551.429788,0.06394049099149697,0.013296490935358918,0.10692453785165662,0.015203810570173231,-0.000880568681982489,0.002216660743222576
1778685551.429788,0.06394049099149697,0.013296490935358918,0.11378383622393298,0.01519872725561575,-0.000880568681982489,0.002216660743222576
1778685551.429788,0.06394049099149697,0.013296490935358918,0.11378383622393298,0.01519872725561575,-0.000880568681982489,0.0024320910945982988
1778685551.4884694,0.06950600155807887,-0.016339034540029728,0.11378383622393298,0.01519872725561575,0.008266024649834482,0.0024320910945982988
1778685551.4884694,0.06950600155807887,-0.016339034540029728,0.12055703682380015,0.015081451367390591,0.008266024649834482,0.0024320910945982988
1778685551.533651,0.09039135317818955,0.0054487580484314435,0.12055703682380015,0.015081451367390591,0.0015471184056803906,0.0024320910945982988
1778685551.533651,0.09039135317818955,0.0054487580484314435,0.12055703682380015,0.015081451367390591,0.0015471184056803906,0.002392849982148171
1778685551.5894227,0.08894923860728977,-0.010293752494260469,0.12055703682380015,0.015081451367390591,0.0064095984943709685,0.002392849982148171
1778685551.5894227,0.08894923860728977,-0.010293752494260469,0.12692060933088437,0.015011131049686903,0.0064095984943709685,0.002392849982148171
1778685551.6400397,0.051420911503027585,0.009849014230307738,0.12692060933088437,0.015011131049686903,-0.0003844137226406254,0.002392849982148171
1778685551.6400397,0.051420911503027585,0.009849014230307738,0.12692060933088437,0.015011131049686903,-0.0003844137226406254,0.0017807640306575223
1778685551.7061765,0.12216288035360276,-0.03719213854543568,0.12692060933088437,0.015011131049686903,0.012793915163913532,0.0017807640306575223
1778685551.7061765,0.12216288035360276,-0.03719213854543568,0.13488355200721266,0.015050423969012633,0.012793915163913532,0.0017807640306575223
1778685551.7061765,0.12216288035360276,-0.03719213854543568,0.13488355200721266,0.015050423969012633,0.012793915163913532,0.0022703259114322805
1778685551.7701762,0.11308493588514784,-0.021346638828948484,0.13488355200721266,0.015050423969012633,0.01304838110509675,0.0022703259114322805
1778685551.8171573,0.08565854593875702,-0.021274216448853155,0.13488355200721266,0.015050423969012633,0.010962849389362735,0.0022703259114322805
1778685551.8171573,0.08565854593875702,-0.021274216448853155,0.14194114072556588,0.015071435455713636,0.010962849389362735,0.0022703259114322805
1778685551.8171573,0.08565854593875702,-0.021274216448853155,0.14194114072556588,0.015071435455713636,0.010962849389362735,0.0035416000454353558
1778685551.86528,0.09642355204168235,-0.033172876097018564,0.14194114072556588,0.015071435455713636,0.014578077379982008,0.0035416000454353558
1778685551.86528,0.09642355204168235,-0.033172876097018564,0.1487273887260623,0.01485501439445005,0.014578077379982008,0.0035416000454353558
1778685551.9187417,0.09425001612248707,-0.027664661179023282,0.1487273887260623,0.01485501439445005,0.0116798211102502,0.0035416000454353558
1778685551.9187417,0.09425001612248707,-0.027664661179023282,0.1487273887260623,0.01485501439445005,0.0116798211102502,0.0035416000454353558
1778685551.9801285,0.10036014217988076,-0.03459846535819348,0.1487273887260623,0.01485501439445005,0.015915461685025094,0.0035416000454353558
1778685551.9801285,0.10036014217988076,-0.03459846535819348,0.15548754192530023,0.014836883679263327,0.015915461685025094,0.0035416000454353558
1778685551.9801285,0.10036014217988076,-0.03459846535819348,0.15548754192530023,0.014836883679263327,0.015915461685025094,0.0016561261004079952
1778685552.0325925,0.08378594715576673,-0.008789131598573306,0.15548754192530023,0.014836883679263327,0.005765050242404782,0.0016561261004079952
1778685552.0889964,0.09612499770210751,-0.029511795937369054,0.15548754192530023,0.014836883679263327,0.012048415639690554,0.0016561261004079952
1778685552.0889964,0.09612499770210751,-0.029511795937369054,0.16285561356339798,0.014797892194813611,0.012048415639690554,0.0016561261004079952
1778685552.0889964,0.09612499770210751,-0.029511795937369054,0.16285561356339798,0.014797892194813611,0.012048415639690554,0.002721766660624958
1778685552.148699,0.11773995347068512,-0.03145735811035402,0.16285561356339798,0.014797892194813611,0.01260758186289187,0.002721766660624958
1778685552.190702,0.14112009423526933,-0.02279674743289996,0.16285561356339798,0.014797892194813611,0.012825231583191439,0.002721766660624958
1778685552.190702,0.14112009423526933,-0.02279674743289996,0.16992624968238043,0.014719758508476182,0.012825231583191439,0.002721766660624958
1778685552.190702,0.14112009423526933,-0.02279674743289996,0.16992624968238043,0.014719758508476182,0.012825231583191439,0.0018197242681559087
1778685552.2764611,0.13472373232997098,-0.014149902502338364,0.16992624968238043,0.014719758508476182,0.007955307132677588,0.0018197242681559087
1778685552.331476,0.16699617837444658,-0.030970881739128316,0.16992624968238043,0.014719758508476182,0.012109577655066931,0.0018197242681559087
1778685552.331476,0.16699617837444658,-0.030970881739128316,0.17658725770857994,0.014688580392660215,0.012109577655066931,0.0018197242681559087
1778685552.331476,0.16699617837444658,-0.030970881739128316,0.17658725770857994,0.014688580392660215,0.012109577655066931,0.0010014637001627413
1778685552.3800492,0.1528100236398709,-0.014990895144905892,0.17658725770857994,0.014688580392660215,0.005956960691773289,0.0010014637001627413
1778685552.3800492,0.1528100236398709,-0.014990895144905892,0.183149120561741,0.01464435487621501,0.005956960691773289,0.0010014637001627413
1778685552.4385087,0.14144662053809315,-0.04084525744432963,0.183149120561741,0.01464435487621501,0.015175786902430476,0.0010014637001627413
1778685552.4385087,0.14144662053809315,-0.04084525744432963,0.183149120561741,0.01464435487621501,0.015175786902430476,0.0012576638425016995
1778685552.487562,0.1432770263235443,-0.03501135773082024,0.183149120561741,0.01464435487621501,0.01362426283790839,0.0012576638425016995
1778685552.487562,0.1432770263235443,-0.03501135773082024,0.19091377289199246,0.014657552994282256,0.01362426283790839,0.0012576638425016995
1778685552.5357685,0.13756584555317566,-0.011203892472320263,0.19091377289199246,0.014657552994282256,0.0066905820703667155,0.0012576638425016995
1778685552.5357685,0.13756584555317566,-0.011203892472320263,0.19091377289199246,0.014657552994282256,0.0066905820703667155,0.0023180077417035427
1778685552.595875,0.150963435197089,-0.022685275724532005,0.19091377289199246,0.014657552994282256,0.009820677219246251,0.0023180077417035427
1778685552.595875,0.150963435197089,-0.022685275724532005,0.1978852638379365,0.014566371907315587,0.009820677219246251,0.0023180077417035427
1778685552.595875,0.150963435197089,-0.022685275724532005,0.1978852638379365,0.014566371907315587,0.009820677219246251,0.0018618640729992644
1778685552.6533904,0.15862788079231904,-0.02241103051716658,0.1978852638379365,0.014566371907315587,0.011188444374144048,0.0018618640729992644
1778685552.700181,0.15526804532805044,-0.021951086478833075,0.1978852638379365,0.014566371907315587,0.009697760361857466,0.0018618640729992644
1778685552.700181,0.15526804532805044,-0.021951086478833075,0.2044210318898391,0.014720436736947241,0.009697760361857466,0.0018618640729992644
1778685552.700181,0.15526804532805044,-0.021951086478833075,0.2044210318898391,0.014720436736947241,0.009697760361857466,0.0013225568998551651
1778685552.7683034,0.16412978631329225,-0.011894974046851785,0.2044210318898391,0.014720436736947241,0.006631309956617744,0.0013225568998551651
1778685552.7683034,0.16412978631329225,-0.011894974046851785,0.21118118508907704,0.014702306021760517,0.006631309956617744,0.0013225568998551651
1778685552.7683034,0.16412978631329225,-0.011894974046851785,0.21118118508907704,0.014702306021760517,0.006631309956617744,0.00169986862460636
1778685552.8490527,0.1731739929861501,-0.02050551272274109,0.21118118508907704,0.014702306021760517,0.009756587571393818,0.00169986862460636
1778685552.89146,0.17007829096222168,-0.018411455624006437,0.21118118508907704,0.014702306021760517,0.009242659665632615,0.00169986862460636
1778685552.89146,0.17007829096222168,-0.018411455624006437,0.2190449825923669,0.014728551540457007,0.009242659665632615,0.00169986862460636
1778685552.9445572,0.1785241144669467,-0.014176839855746224,0.2190449825923669,0.014728551540457007,0.008518019257436458,0.00169986862460636
1778685552.9445572,0.1785241144669467,-0.014176839855746224,0.2190449825923669,0.014728551540457007,0.008518019257436458,0.0026136931929974243
1778685552.9995837,0.19014222859946403,-0.031920595820173904,0.2190449825923669,0.014728551540457007,0.013801410276138647,0.0026136931929974243
1778685552.9995837,0.19014222859946403,-0.031920595820173904,0.22641305423046468,0.014689560056007299,0.013801410276138647,0.0026136931929974243
1778685553.0469372,0.1760471781085612,-0.013898152446955237,0.22641305423046468,0.014689560056007299,0.008450875804790604,0.0026136931929974243
1778685553.095347,0.18462951626940274,-0.026521212208692874,0.22641305423046468,0.014689560056007299,0.01130522155550056,0.0026136931929974243
1778685553.095347,0.18462951626940274,-0.026521212208692874,0.2324583304491706,0.013972179097556077,0.01130522155550056,0.0026136931929974243
1778685553.1424663,0.197512494763625,-0.0018672732273830094,0.2324583304491706,0.013972179097556077,0.004331091280635144,0.0026136931929974243
1778685553.18666,0.19733392618461995,-0.013915113752941181,0.2324583304491706,0.013972179097556077,0.007647508805285217,0.0026136931929974243
1778685553.18666,0.19733392618461995,-0.013915113752941181,0.2398785916897853,0.013536606920952649,0.007647508805285217,0.0026136931929974243
1778685553.2333012,0.19496604938956033,0.01249494778282542,0.2398785916897853,0.013536606920952649,-6.77716602338424e-05,0.0026136931929974243
1778685553.2999692,0.19353503165255234,-0.003905183429643216,0.2398785916897853,0.013536606920952649,0.0035551729938258073,0.0026136931929974243
1778685553.2999692,0.19353503165255234,-0.003905183429643216,0.24685008263572933,0.013445425833985976,0.0035551729938258073,0.0026136931929974243
1778685553.372324,0.1957002813166787,0.00016667565940861097,0.24685008263572933,0.013445425833985976,0.005450478868513548,0.0026136931929974243
1778685553.4182017,0.21326424180680714,-0.025379245037798114,0.24685008263572933,0.013445425833985976,0.008593214967160734,0.0026136931929974243
1778685553.4182017,0.21326424180680714,-0.025379245037798114,0.25424948310708106,0.012401935218522725,0.008593214967160734,0.0026136931929974243
1778685553.4763262,0.23403227139140928,-0.02368379594984407,0.25424948310708106,0.012401935218522725,0.0020177281793286074,0.0026136931929974243
1778685553.4763262,0.23403227139140928,-0.02368379594984407,0.26129402442480504,0.012522091878262151,0.0020177281793286074,0.0026136931929974243
1778685553.543311,0.2206931455466497,-0.01525238992189,0.26129402442480504,0.012522091878262151,-0.008102288470059088,0.0026136931929974243
1778685553.593933,0.22496886791825227,-0.017328075050272247,0.26129402442480504,0.012522091878262151,-0.012223675642837826,0.0026136931929974243
1778685553.593933,0.22496886791825227,-0.017328075050272247,0.2684559923481922,0.011749941980655718,-0.012223675642837826,0.0026136931929974243
1778685553.6541836,0.23162983891171463,-0.02192466775769006,0.2684559923481922,0.011749941980655718,-0.0220325156133881,0.0026136931929974243
1778685553.7065897,0.2377072385950628,-0.046148715242298265,0.2684559923481922,0.011749941980655718,-0.028041852444926824,0.0026136931929974243
1778685553.7065897,0.2377072385950628,-0.046148715242298265,0.27921328130222123,0.011249208159625096,-0.028041852444926824,0.0026136931929974243
1778685553.7527587,0.26102130293106485,0.0028209207179874627,0.27921328130222123,0.011249208159625096,-0.04595774271079449,0.0026136931929974243
1778685553.811733,0.28224781320099646,-0.01749453676827018,0.27921328130222123,0.011249208159625096,-0.04482860314710658,0.0026136931929974243
1778685553.811733,0.28224781320099646,-0.01749453676827018,0.2885747244650786,0.009858747117886849,-0.04482860314710658,0.0026136931929974243
1778685553.8875237,0.2516941230145344,-0.03118075519433367,0.2885747244650786,0.009858747117886849,-0.05501147630756474,0.0026136931929974243
1778685553.8875237,0.2516941230145344,-0.03118075519433367,0.29888847715643246,0.008896195601556295,-0.05501147630756474,0.0026136931929974243
1778685553.94148,0.275887067510017,-0.031351949259973706,0.29888847715643246,0.008896195601556295,-0.06955954822119487,0.0026136931929974243
1778685553.94148,0.275887067510017,-0.031351949259973706,0.29888847715643246,0.008896195601556295,-0.06955954822119487,-0.0018117332348115411
1778685553.94148,0.275887067510017,-0.031351949259973706,0.29888847715643246,0.008896195601556295,-0.06955954822119487,-0.012725191377683576
1778685553.94148,0.275887067510017,-0.031351949259973706,0.29888847715643246,0.008896195601556295,-0.06955954822119487,-0.028594856009439784
1778685553.94148,0.275887067510017,-0.031351949259973706,0.29888847715643246,0.008896195601556295,-0.06955954822119487,-0.041909963176961725
1778685553.94148,0.275887067510017,-0.031351949259973706,0.29888847715643246,0.008896195601556295,-0.06955954822119487,-0.05889751299698576
1778685553.94148,0.275887067510017,-0.031351949259973706,0.29888847715643246,0.008896195601556295,-0.06955954822119487,-0.0743165556121106
1778685553.94148,0.275887067510017,-0.031351949259973706,0.29888847715643246,0.008896195601556295,-0.06955954822119487,-0.08023351946815359
1778685553.94148,0.275887067510017,-0.031351949259973706,0.29888847715643246,0.008896195601556295,-0.06955954822119487,-0.08306354579387197
1778685553.94148,0.275887067510017,-0.031351949259973706,0.29888847715643246,0.008896195601556295,-0.06955954822119487,-0.0870311027368249
1778685553.94148,0.275887067510017,-0.031351949259973706,0.29888847715643246,0.008896195601556295,-0.06955954822119487,-0.0883254342128783
1778685553.94148,0.275887067510017,-0.031351949259973706,0.31006844160387376,0.008249361036965783,-0.06955954822119487,-0.0883254342128783
1778685554.0257707,0.2756582986904541,-0.0016212843774297881,0.31006844160387376,0.008249361036965783,-0.0833969825308893,-0.0883254342128783
1778685554.0257707,0.2756582986904541,-0.0016212843774297881,0.31006844160387376,0.008249361036965783,-0.0833969825308893,-0.08933242824930955
1778685554.0777361,0.2848536974505155,-0.03602909376476712,0.31006844160387376,0.008249361036965783,-0.07374011075004822,-0.08933242824930955
1778685554.1267064,0.26975999172878073,-0.03576980140278161,0.31006844160387376,0.008249361036965783,-0.07578512735269351,-0.08933242824930955
1778685554.1267064,0.26975999172878073,-0.03576980140278161,0.3208179171892691,0.007041563604036913,-0.07578512735269351,-0.08933242824930955
1778685554.1267064,0.26975999172878073,-0.03576980140278161,0.3208179171892691,0.007041563604036913,-0.07578512735269351,-0.0931076321145241
1778685554.1895974,0.30075434427270786,-0.03374955484574269,0.3208179171892691,0.007041563604036913,-0.08076968782803252,-0.0931076321145241
1778685554.1895974,0.30075434427270786,-0.03374955484574269,0.33347724586365307,0.00588337643698675,-0.08076968782803252,-0.0931076321145241
1778685554.1895974,0.30075434427270786,-0.03374955484574269,0.33347724586365307,0.00588337643698675,-0.08076968782803252,-0.09044966789655984
1778685554.2544272,0.3073674711652952,-0.03652460884988116,0.33347724586365307,0.00588337643698675,-0.08202529622617986,-0.09044966789655984
1778685554.304375,0.30259837536584744,-0.08663246557213335,0.33347724586365307,0.00588337643698675,-0.07073994154315995,-0.09044966789655984
1778685554.304375,0.30259837536584744,-0.08663246557213335,0.34546865312802655,0.004435567119455053,-0.07073994154315995,-0.09044966789655984
1778685554.304375,0.30259837536584744,-0.08663246557213335,0.34546865312802655,0.004435567119455053,-0.07073994154315995,-0.0930184360077182
1778685554.37047,0.3218261324373543,-0.07397244854931481,0.34546865312802655,0.004435567119455053,-0.07316023627879942,-0.0930184360077182
1778685554.37047,0.3218261324373543,-0.07397244854931481,0.3582401743760782,0.003191282179995725,-0.07316023627879942,-0.0930184360077182
1778685554.4296236,0.3553655039058672,-0.08597153501844143,0.3582401743760782,0.003191282179995725,-0.06721767754144754,-0.0930184360077182
1778685554.4296236,0.3553655039058672,-0.08597153501844143,0.3582401743760782,0.003191282179995725,-0.06721767754144754,-0.09178556509571134
1778685554.498467,0.3291832350335917,-0.022235309878378188,0.3582401743760782,0.003191282179995725,-0.09187888800872657,-0.09178556509571134
1778685554.498467,0.3291832350335917,-0.022235309878378188,0.37067511790312685,0.0022052905577639465,-0.09187888800872657,-0.09178556509571134
1778685554.498467,0.3291832350335917,-0.022235309878378188,0.37067511790312685,0.0022052905577639465,-0.09187888800872657,-0.0932562636415355
1778685554.5580983,0.33050980679717623,-0.09625808061441476,0.37067511790312685,0.0022052905577639465,-0.07013395107211708,-0.0932562636415355
1778685554.6107383,0.3432998956038068,-0.11005017287770263,0.37067511790312685,0.0022052905577639465,-0.06557705452126028,-0.0932562636415355
1778685554.6107383,0.3432998956038068,-0.11005017287770263,0.3833866361800277,0.0006505226985600732,-0.06557705452126028,-0.0932562636415355
1778685554.6107383,0.3432998956038068,-0.11005017287770263,0.3833866361800277,0.0006505226985600732,-0.06557705452126028,-0.09169903630121379
1778685554.6707993,0.3450013219536118,0.03163402287150538,0.3833866361800277,0.0006505226985600732,-0.10528587727418917,-0.09169903630121379
1778685554.7187078,0.35436280526939845,-0.10814831585448388,0.3833866361800277,0.0006505226985600732,-0.07114202715285133,-0.09169903630121379
1778685554.7187078,0.35436280526939845,-0.10814831585448388,0.39593377228074406,-0.0004215666960808908,-0.07114202715285133,-0.09169903630121379
1778685554.7187078,0.35436280526939845,-0.10814831585448388,0.39593377228074406,-0.0004215666960808908,-0.07114202715285133,-0.09312137457969083
1778685554.781532,0.35776827820789914,-0.014306027988611846,0.39593377228074406,-0.0004215666960808908,-0.09344443711517028,-0.09312137457969083
1778685554.781532,0.35776827820789914,-0.014306027988611846,0.4080634669200437,-0.0021537641320986452,-0.09344443711517028,-0.09312137457969083
1778685554.781532,0.35776827820789914,-0.014306027988611846,0.4080634669200437,-0.0021537641320986452,-0.09344443711517028,-0.09306085626005567
1778685554.8422663,0.3832947274872513,-0.04479949066305375,0.4080634669200437,-0.0021537641320986452,-0.08498117814983044,-0.09306085626005567
1778685554.889878,0.33451209230438644,-0.03882092602262446,0.4080634669200437,-0.0021537641320986452,-0.08986488523494594,-0.09306085626005567
1778685554.889878,0.33451209230438644,-0.03882092602262446,0.4207227955944276,-0.0033119512991488017,-0.08986488523494594,-0.09306085626005567
1778685554.889878,0.33451209230438644,-0.03882092602262446,0.4207227955944276,-0.0033119512991488017,-0.08986488523494594,-0.09343140172173792
1778685554.9712713,0.3710638329494973,-0.09836618288978378,0.4207227955944276,-0.0033119512991488017,-0.07365383081744965,-0.09343140172173792
1778685554.9712713,0.3710638329494973,-0.09836618288978378,0.4323176221666473,-0.004811950219197439,-0.07365383081744965,-0.09343140172173792
1778685554.9712713,0.3710638329494973,-0.09836618288978378,0.4323176221666473,-0.004811950219197439,-0.07365383081744965,-0.0946609842670556
1778685555.0411103,0.39024020244078883,-0.07299067243798003,0.4323176221666473,-0.004811950219197439,-0.07906122585400437,-0.0946609842670556
1778685555.0984008,0.41383310900312925,-0.08467469253906057,0.4323176221666473,-0.004811950219197439,-0.0763263521920395,-0.0946609842670556
1778685555.0984008,0.41383310900312925,-0.08467469253906057,0.44333843846989957,-0.00578231510416175,-0.0763263521920395,-0.0946609842670556
1778685555.0984008,0.41383310900312925,-0.08467469253906057,0.44333843846989957,-0.00578231510416175,-0.0763263521920395,-0.09450762011637082
1778685555.1553025,0.41296926641051185,-0.07918961302839424,0.44333843846989957,-0.00578231510416175,-0.07642737460565709,-0.09450762011637082
1778685555.216692,0.4218645966215922,-0.08882267442973153,0.44333843846989957,-0.00578231510416175,-0.0776771810738958,-0.09450762011637082
1778685555.216692,0.4218645966215922,-0.08882267442973153,0.4560760515480589,-0.007535373309442468,-0.0776771810738958,-0.09450762011637082
1778685555.216692,0.4218645966215922,-0.08882267442973153,0.4560760515480589,-0.007535373309442468,-0.0776771810738958,-0.09680876520917625
1778685555.274972,0.4290735052512828,-0.09678243311117678,0.4560760515480589,-0.007535373309442468,-0.07575276473803033,-0.09680876520917625
1778685555.274972,0.4290735052512828,-0.09678243311117678,0.4681535565848416,-0.008870990053306506,-0.07575276473803033,-0.09680876520917625
1778685555.3255513,0.4455810736498406,-0.06307455306373401,0.4681535565848416,-0.008870990053306506,-0.08458827470493732,-0.09680876520917625
1778685555.3255513,0.4455810736498406,-0.06307455306373401,0.4681535565848416,-0.008870990053306506,-0.08458827470493732,-0.09562631964942714
1778685555.3771873,0.4530944103078546,-0.07700831861583049,0.4681535565848416,-0.008870990053306506,-0.08166752167204691,-0.09562631964942714
1778685555.3771873,0.4530944103078546,-0.07700831861583049,0.47962314318276444,-0.010185746027907545,-0.08166752167204691,-0.09562631964942714
1778685555.3771873,0.4530944103078546,-0.07700831861583049,0.47962314318276444,-0.010185746027907545,-0.08166752167204691,-0.09586514482105901
1778685555.4347436,0.43887546466964705,-0.10702081294739944,0.47962314318276444,-0.010185746027907545,-0.0749148150439639,-0.09586514482105901
1778685555.5096908,0.4420145655961128,-0.053693628590739735,0.47962314318276444,-0.010185746027907545,-0.088473418211674,-0.09586514482105901
1778685555.5096908,0.4420145655961128,-0.053693628590739735,0.4899890854766353,-0.011544878236391795,-0.088473418211674,-0.09586514482105901
1778685555.5096908,0.4420145655961128,-0.053693628590739735,0.4899890854766353,-0.011544878236391795,-0.088473418211674,-0.09694903919742703
1778685555.5899203,0.4802707417949118,-0.06471092649350044,0.4899890854766353,-0.011544878236391795,-0.08581840983962935,-0.09694903919742703
1778685555.5899203,0.4802707417949118,-0.06471092649350044,0.5021396408851979,-0.012669157233549727,-0.08581840983962935,-0.09694903919742703
1778685555.5899203,0.4802707417949118,-0.06471092649350044,0.5021396408851979,-0.012669157233549727,-0.08581840983962935,-0.09543251646261375
1778685555.6496265,0.46672683635033535,-0.06640868488126075,0.5021396408851979,-0.012669157233549727,-0.08704145016273325,-0.09543251646261375
1778685555.7089813,0.47463544629286664,-0.058965859119459924,0.5021396408851979,-0.012669157233549727,-0.08772972898045353,-0.09543251646261375
1778685555.7089813,0.47463544629286664,-0.058965859119459924,0.5120698602850272,-0.013783043525435681,-0.08772972898045353,-0.09543251646261375
1778685555.7089813,0.47463544629286664,-0.058965859119459924,0.5120698602850272,-0.013783043525435681,-0.08772972898045353,-0.0975015047862815
1778685555.7720673,0.49853469080165996,-0.04758912941249284,0.5120698602850272,-0.013783043525435681,-0.08982291733279173,-0.0975015047862815
1778685555.7720673,0.49853469080165996,-0.04758912941249284,0.5221853226303043,-0.014771689843024701,-0.08982291733279173,-0.0975015047862815
1778685555.7720673,0.49853469080165996,-0.04758912941249284,0.5221853226303043,-0.014771689843024701,-0.08982291733279173,-0.09511464671353265
1778685555.8237095,0.4798800181119941,-0.05910810562901202,0.5221853226303043,-0.014771689843024701,-0.08806939578692646,-0.09511464671353265
1778685555.8853395,0.4908464030556147,-0.07355619347575487,0.5221853226303043,-0.014771689843024701,-0.0857419194241915,-0.09511464671353265
1778685555.8853395,0.4908464030556147,-0.07355619347575487,0.5325251701229167,-0.01593253170543211,-0.0857419194241915,-0.09511464671353265
1778685555.8853395,0.4908464030556147,-0.07355619347575487,0.5325251701229167,-0.01593253170543211,-0.0857419194241915,-0.09570743338335719
1778685555.945895,0.5042102154043924,-0.04479765467216151,0.5325251701229167,-0.01593253170543211,-0.09373270259693027,-0.09570743338335719
1778685556.0100393,0.5210476695437155,-0.04379004684204781,0.5325251701229167,-0.01593253170543211,-0.09347032102165177,-0.09570743338335719
1778685556.0100393,0.5210476695437155,-0.04379004684204781,0.54277891984312,-0.017205566141507193,-0.09347032102165177,-0.09570743338335719
1778685556.0100393,0.5210476695437155,-0.04379004684204781,0.54277891984312,-0.017205566141507193,-0.09347032102165177,-0.096300241442691
1778685556.0907974,0.5335258074534895,-0.035752439235115514,0.54277891984312,-0.017205566141507193,-0.09566080824330159,-0.096300241442691
1778685556.0907974,0.5335258074534895,-0.035752439235115514,0.553178770306883,-0.018055925084170067,-0.09566080824330159,-0.096300241442691
1778685556.0907974,0.5335258074534895,-0.035752439235115514,0.553178770306883,-0.018055925084170067,-0.09566080824330159,-0.09438997577969976
1778685556.1518507,0.5285732877696419,-0.04344452221055451,0.553178770306883,-0.018055925084170067,-0.096112985684528,-0.09438997577969976
1778685556.1983593,0.5526378492589774,-0.0159229397284426,0.553178770306883,-0.018055925084170067,-0.10140216914543178,-0.09438997577969976
1778685556.1983593,0.5526378492589774,-0.0159229397284426,0.5631089897067123,-0.01916981137605602,-0.10140216914543178,-0.09438997577969976
1778685556.1983593,0.5526378492589774,-0.0159229397284426,0.5631089897067123,-0.01916981137605602,-0.10140216914543178,-0.09549814238160925
1778685556.2662942,0.5303108902986946,-0.06348346549556581,0.5631089897067123,-0.01916981137605602,-0.08734389283570482,-0.09549814238160925
1778685556.2662942,0.5303108902986946,-0.06348346549556581,0.5727417735874266,-0.02032283986982964,-0.08734389283570482,-0.09549814238160925
1778685556.3255908,0.5500630431620175,-0.06935353885281484,0.5727417735874266,-0.02032283986982964,-0.08523064278604503,-0.09549814238160925
1778685556.3255908,0.5500630431620175,-0.06935353885281484,0.5727417735874266,-0.02032283986982964,-0.08523064278604503,-0.09435999893300594
1778685556.3833876,0.5634052884218568,-0.049851346379239145,0.5727417735874266,-0.02032283986982964,-0.09228009579182063,-0.09435999893300594
1778685556.3833876,0.5634052884218568,-0.049851346379239145,0.5832668640254866,-0.021358441757940168,-0.09228009579182063,-0.09435999893300594
1778685556.3833876,0.5634052884218568,-0.049851346379239145,0.5832668640254866,-0.021358441757940168,-0.09228009579182063,-0.09389689830863457
1778685556.4592195,0.5647487481495951,-0.0465144195420994,0.5832668640254866,-0.021358441757940168,-0.09382909477606516,-0.09389689830863457
1778685556.4592195,0.5647487481495951,-0.0465144195420994,0.5926883101594946,-0.02243841987993387,-0.09382909477606516,-0.09389689830863457
1778685556.5161586,0.5789543196220971,-0.08967089373007428,0.5926883101594946,-0.02243841987993387,-0.08043861222781261,-0.09389689830863457
1778685556.5161586,0.5789543196220971,-0.08967089373007428,0.5926883101594946,-0.02243841987993387,-0.08043861222781261,-0.09355074576706769
1778685556.5871193,0.5689525811023682,-0.05058076540365221,0.5926883101594946,-0.02243841987993387,-0.09109396106900496,-0.09355074576706769
1778685556.5871193,0.5689525811023682,-0.05058076540365221,0.6032264479981838,-0.02357316694108278,-0.09109396106900496,-0.09355074576706769
1778685556.5871193,0.5689525811023682,-0.05058076540365221,0.6032264479981838,-0.02357316694108278,-0.09109396106900496,-0.09377127829027819
1778685556.6582236,0.5699701558576917,-0.08313920252250889,0.6032264479981838,-0.02357316694108278,-0.08443512681779876,-0.09377127829027819
1778685556.6582236,0.5699701558576917,-0.08313920252250889,0.6134280081158702,-0.02444962068500415,-0.08443512681779876,-0.09377127829027819
1778685556.7150712,0.5956938167320882,-0.05197308492635777,0.6134280081158702,-0.02444962068500415,-0.09072890192564421,-0.09377127829027819
1778685556.7150712,0.5956938167320882,-0.05197308492635777,0.6134280081158702,-0.02444962068500415,-0.09072890192564421,-0.09168263310705083
1778685556.7668433,0.5793004644176317,-0.05360572180401364,0.6134280081158702,-0.02444962068500415,-0.08981779325576096,-0.09168263310705083
1778685556.7668433,0.5793004644176317,-0.05360572180401364,0.6237809030091117,-0.025709607720449966,-0.08981779325576096,-0.09168263310705083
1778685556.7668433,0.5793004644176317,-0.05360572180401364,0.6237809030091117,-0.025709607720449966,-0.08981779325576096,-0.09314150550735611
1778685556.8327134,0.5792041055270692,-0.044136242570985515,0.6237809030091117,-0.025709607720449966,-0.09261782053990301,-0.09314150550735611
1778685556.8912854,0.5992815439353785,-0.06293991813539762,0.6237809030091117,-0.025709607720449966,-0.08681949482668297,-0.09314150550735611
1778685556.8912854,0.5992815439353785,-0.06293991813539762,0.6339955105274272,-0.02668520663740976,-0.08681949482668297,-0.09314150550735611
1778685556.8912854,0.5992815439353785,-0.06293991813539762,0.6339955105274272,-0.02668520663740976,-0.08681949482668297,-0.09194954448274206
1778685556.951013,0.6078700717314182,-0.08224906105770652,0.6339955105274272,-0.02668520663740976,-0.08249209315449446,-0.09194954448274206
1778685557.0040886,0.6284018880536437,-0.04247899370197146,0.6339955105274272,-0.02668520663740976,-0.09309040612609991,-0.09194954448274206
1778685557.0040886,0.6284018880536437,-0.04247899370197146,0.643615247007512,-0.027739089958145037,-0.09309040612609991,-0.09194954448274206
1778685557.0040886,0.6284018880536437,-0.04247899370197146,0.643615247007512,-0.027739089958145037,-0.09309040612609991,-0.09209575531800152
1778685557.080944,0.6118014563040293,-0.07788847514993677,0.643615247007512,-0.027739089958145037,-0.08282553187971475,-0.09209575531800152
1778685557.080944,0.6118014563040293,-0.07788847514993677,0.6540803344744214,-0.02908517476600004,-0.08282553187971475,-0.09209575531800152
1778685557.080944,0.6118014563040293,-0.07788847514993677,0.6540803344744214,-0.02908517476600004,-0.08282553187971475,-0.09378597453637294
1778685557.1558716,0.625825663291233,-0.039402970553151305,0.6540803344744214,-0.02908517476600004,-0.09199813187276598,-0.09378597453637294
1778685557.212022,0.6336141715410044,-0.06285613849397513,0.6540803344744214,-0.02908517476600004,-0.08644291068518332,-0.09378597453637294
1778685557.212022,0.6336141715410044,-0.06285613849397513,0.6653855388961595,-0.02991725227603819,-0.08644291068518332,-0.09378597453637294
1778685557.212022,0.6336141715410044,-0.06285613849397513,0.6653855388961595,-0.02991725227603819,-0.08644291068518332,-0.0925673261794513
1778685557.266129,0.6394688786259826,-0.06520008320515064,0.6653855388961595,-0.02991725227603819,-0.08748410737743315,-0.0925673261794513
1778685557.266129,0.6394688786259826,-0.06520008320515064,0.6758245315618103,-0.03106504673781634,-0.08748410737743315,-0.0925673261794513
1778685557.266129,0.6394688786259826,-0.06520008320515064,0.6758245315618103,-0.03106504673781634,-0.08748410737743315,-0.09310753420276453
1778685557.3244953,0.6566974991800244,-0.043947572023341264,0.6758245315618103,-0.03106504673781634,-0.09125031652250312,-0.09310753420276453
1778685557.384545,0.6560365137960734,-0.08619130930026896,0.6758245315618103,-0.03106504673781634,-0.07928738941179346,-0.09310753420276453
1778685557.384545,0.6560365137960734,-0.08619130930026896,0.6876776514512576,-0.03222846793686198,-0.07928738941179346,-0.09310753420276453
1778685557.384545,0.6560365137960734,-0.08619130930026896,0.6876776514512576,-0.03222846793686198,-0.07928738941179346,-0.09287709515422904
1778685557.4406059,0.6509572830829166,-0.029324338723020513,0.6876776514512576,-0.03222846793686198,-0.09511634401974965,-0.09287709515422904
1778685557.511432,0.662440644368361,-0.06539182886041174,0.6876776514512576,-0.03222846793686198,-0.08729368542624394,-0.09287709515422904
1778685557.511432,0.662440644368361,-0.06539182886041174,0.6991341906485512,-0.033444078738424636,-0.08729368542624394,-0.09287709515422904
1778685557.511432,0.662440644368361,-0.06539182886041174,0.6991341906485512,-0.033444078738424636,-0.08729368542624394,-0.09269011378840997
1778685557.584717,0.6811399325536759,-0.0345401338143848,0.6991341906485512,-0.033444078738424636,-0.09566354652307155,-0.09269011378840997
1778685557.584717,0.6811399325536759,-0.0345401338143848,0.7107420646214002,-0.03504322283151171,-0.09566354652307155,-0.09269011378840997
1778685557.6460826,0.6771016454721185,-0.06918465167314869,0.7107420646214002,-0.03504322283151171,-0.0857635344432521,-0.09269011378840997
1778685557.71214,0.6868038244345402,-0.03829288584121052,0.7107420646214002,-0.03504322283151171,-0.09424111330890725,-0.09269011378840997
1778685557.71214,0.6868038244345402,-0.03829288584121052,0.7230648155747812,-0.0359431166813343,-0.09424111330890725,-0.09269011378840997
1778685557.7720785,0.7107179007384803,-0.054080330573292146,0.7230648155747812,-0.0359431166813343,-0.09092287472044354,-0.09269011378840997
1778685557.7720785,0.7107179007384803,-0.054080330573292146,0.7348448850924486,-0.03731787562708604,-0.09092287472044354,-0.09269011378840997
1778685557.8252366,0.7042330723616019,-0.053527667136997366,0.7348448850924486,-0.03731787562708604,-0.09046604799128975,-0.09269011378840997
1778685557.8252366,0.7042330723616019,-0.053527667136997366,0.7348448850924486,-0.03731787562708604,-0.09046604799128975,-0.09474344950135949
1778685557.879599,0.7060138777163779,-0.07642219588917536,0.7348448850924486,-0.03731787562708604,-0.08326048652206981,-0.09474344950135949
1778685557.879599,0.7060138777163779,-0.07642219588917536,0.7468962953279726,-0.03845520202487319,-0.08326048652206981,-0.09474344950135949
1778685557.879599,0.7060138777163779,-0.07642219588917536,0.7468962953279726,-0.03845520202487319,-0.08326048652206981,-0.09147698056085041
1778685557.9479556,0.7085623576963385,-0.07416699203776807,0.7468962953279726,-0.03845520202487319,-0.08431776763038296,-0.09147698056085041
1778685558.002093,0.7110047823725673,-0.05241222076208464,0.7468962953279726,-0.03845520202487319,-0.09368898824733507,-0.09147698056085041
1778685558.002093,0.7110047823725673,-0.05241222076208464,0.7583658819258955,-0.03976995799947427,-0.09368898824733507,-0.09147698056085041
1778685558.002093,0.7110047823725673,-0.05241222076208464,0.7583658819258955,-0.03976995799947427,-0.09368898824733507,-0.09271846425190411
1778685558.0767043,0.7098639847696491,-0.06830338819697242,0.7583658819258955,-0.03976995799947427,-0.08717586481702562,-0.09271846425190411
1778685558.0767043,0.7098639847696491,-0.06830338819697242,0.768791827190917,-0.04081860728821395,-0.08717586481702562,-0.09271846425190411
1778685558.0767043,0.7098639847696491,-0.06830338819697242,0.768791827190917,-0.04081860728821395,-0.08717586481702562,-0.09208354306887935
1778685558.1456819,0.727779889431833,-0.07454306903525608,0.768791827190917,-0.04081860728821395,-0.08349827600772933,-0.09208354306887935
1778685558.2061098,0.7273211194359738,-0.053819279848806446,0.768791827190917,-0.04081860728821395,-0.09176865788443192,-0.09208354306887935
1778685558.2061098,0.7273211194359738,-0.053819279848806446,0.7783854688697435,-0.04167420026287239,-0.09176865788443192,-0.09208354306887935
1778685558.2061098,0.7273211194359738,-0.053819279848806446,0.7783854688697435,-0.04167420026287239,-0.09176865788443192,-0.0900085390070786
1778685558.2734923,0.7317068190463506,-0.0372237133962438,0.7783854688697435,-0.04167420026287239,-0.09698586002233985,-0.0900085390070786
1778685558.2734923,0.7317068190463506,-0.0372237133962438,0.7875825298564161,-0.04258198284004772,-0.09698586002233985,-0.0900085390070786
1778685558.2734923,0.7317068190463506,-0.0372237133962438,0.7875825298564161,-0.04258198284004772,-0.09698586002233985,-0.09140286495256422
1778685558.3357635,0.749770075471878,-0.0496585643073897,0.7875825298564161,-0.04258198284004772,-0.09192195803475856,-0.09140286495256422
1778685558.4104507,0.7743545293433289,-0.07127823340876029,0.7875825298564161,-0.04258198284004772,-0.08395147061282139,-0.09140286495256422
1778685558.4104507,0.7743545293433289,-0.07127823340876029,0.7977110396023225,-0.043669774330675155,-0.08395147061282139,-0.09140286495256422
1778685558.4104507,0.7743545293433289,-0.07127823340876029,0.7977110396023225,-0.043669774330675155,-0.08395147061282139,-0.09098133801912045
1778685558.4828331,0.7609186310458577,-0.0691467182234121,0.7977110396023225,-0.043669774330675155,-0.08589828664826617,-0.09098133801912045
1778685558.4828331,0.7609186310458577,-0.0691467182234121,0.8081108900660855,-0.04452013327333806,-0.08589828664826617,-0.09098133801912045
1778685558.4828331,0.7609186310458577,-0.0691467182234121,0.8081108900660855,-0.04452013327333806,-0.08589828664826617,-0.08908629222399166
1778685558.5634582,0.7478159166928199,-0.07539061298997389,0.8081108900660855,-0.04452013327333806,-0.08590030760237784,-0.08908629222399166
1778685558.5634582,0.7478159166928199,-0.07539061298997389,0.818252447212621,-0.04570706993700394,-0.08590030760237784,-0.08908629222399166
1778685558.5634582,0.7478159166928199,-0.07539061298997389,0.818252447212621,-0.04570706993700394,-0.08590030760237784,-0.08977305063718921
1778685558.6412673,0.8037650741219345,-0.06503470168776272,0.818252447212621,-0.04570706993700394,-0.0854037660506517,-0.08977305063718921
1778685558.6915996,0.7849719764547408,-0.0815551558229625,0.818252447212621,-0.04570706993700394,-0.08114520887640088,-0.08977305063718921
1778685558.6915996,0.7849719764547408,-0.0815551558229625,0.8288766828237195,-0.04672962442448516,-0.08114520887640088,-0.08977305063718921
1778685558.6915996,0.7849719764547408,-0.0815551558229625,0.8288766828237195,-0.04672962442448516,-0.08114520887640088,-0.08824125258916561
1778685558.7618687,0.790969257599047,-0.07412207324984314,0.8288766828237195,-0.04672962442448516,-0.08496128128066693,-0.08824125258916561
1778685558.8207304,0.7854510917149627,-0.0588199206949601,0.8288766828237195,-0.04672962442448516,-0.08927953846765933,-0.08824125258916561
1778685558.8207304,0.7854510917149627,-0.0588199206949601,0.8394148206624087,-0.0478643714856341,-0.08927953846765933,-0.08824125258916561
1778685558.8207304,0.7854510917149627,-0.0588199206949601,0.8394148206624087,-0.0478643714856341,-0.08927953846765933,-0.0889945334053035
1778685558.885253,0.8050036117570407,-0.07659431928189453,0.8394148206624087,-0.0478643714856341,-0.08122539076857362,-0.0889945334053035
1778685558.885253,0.8050036117570407,-0.07659431928189453,0.8507852620872932,-0.049192174860864364,-0.08122539076857362,-0.0889945334053035
1778685558.885253,0.8050036117570407,-0.07659431928189453,0.8507852620872932,-0.049192174860864364,-0.08122539076857362,-0.08711829792114402
1778685558.9544,0.8064849958937007,-0.08267376157404509,0.8507852620872932,-0.049192174860864364,-0.08131550939803983,-0.08711829792114402
1778685559.0032613,0.8324466010774372,-0.05399913206207614,0.8507852620872932,-0.049192174860864364,-0.09112523081361877,-0.08711829792114402
1778685559.0032613,0.8324466010774372,-0.05399913206207614,0.8618921761629545,-0.050050347172160996,-0.09112523081361877,-0.08711829792114402
1778685559.0032613,0.8324466010774372,-0.05399913206207614,0.8618921761629545,-0.050050347172160996,-0.09112523081361877,-0.08637525802772084
1778685559.0733714,0.8293699376508252,-0.1123329859194547,0.8618921761629545,-0.050050347172160996,-0.06800665717491815,-0.08637525802772084
1778685559.0733714,0.8293699376508252,-0.1123329859194547,0.8751516099075645,-0.05193645872037237,-0.06800665717491815,-0.08637525802772084
1778685559.0733714,0.8293699376508252,-0.1123329859194547,0.8751516099075645,-0.05193645872037237,-0.06800665717491815,-0.0879796706530187
1778685559.1577282,0.8429376224700386,-0.05161078360899319,0.8751516099075645,-0.05193645872037237,-0.08892582893796298,-0.0879796706530187
1778685559.2113793,0.8349119500473052,-0.06815069080591059,0.8751516099075645,-0.05193645872037237,-0.08536809701553197,-0.0879796706530187
1778685559.2113793,0.8349119500473052,-0.06815069080591059,0.887163877941201,-0.05277634959904424,-0.08536809701553197,-0.0879796706530187
1778685559.2113793,0.8349119500473052,-0.06815069080591059,0.887163877941201,-0.05277634959904424,-0.08536809701553197,-0.08728748412326315
1778685559.2758358,0.8450348688805388,-0.09609726715728581,0.887163877941201,-0.05277634959904424,-0.07621030781777763,-0.08728748412326315
1778685559.2758358,0.8450348688805388,-0.09609726715728581,0.8996379636701373,-0.05405977674039134,-0.07621030781777763,-0.08728748412326315
1778685559.2758358,0.8450348688805388,-0.09609726715728581,0.8996379636701373,-0.05405977674039134,-0.07621030781777763,-0.08956512461360598
1778685559.3390205,0.8633545192049473,-0.075910619405077,0.8996379636701373,-0.05405977674039134,-0.08256338265242624,-0.08956512461360598
1778685559.393271,0.8587316400835857,-0.07423609979165588,0.8996379636701373,-0.05405977674039134,-0.08105689383442424,-0.08956512461360598
1778685559.393271,0.8587316400835857,-0.07423609979165588,0.9140610446899499,-0.055591029134975,-0.08105689383442424,-0.08956512461360598
1778685559.393271,0.8587316400835857,-0.07423609979165588,0.9140610446899499,-0.055591029134975,-0.08105689383442424,-0.08720074420163737
1778685559.4620364,0.8623785720775695,-0.09059916661987981,0.9140610446899499,-0.055591029134975,-0.07663196782481609,-0.08720074420163737
1778685559.516261,0.8837455736819111,-0.08034357973428578,0.9140610446899499,-0.055591029134975,-0.08218525588897896,-0.08720074420163737
1778685559.516261,0.8837455736819111,-0.08034357973428578,0.9270439036847077,-0.056908364446214256,-0.08218525588897896,-0.08720074420163737
1778685559.516261,0.8837455736819111,-0.08034357973428578,0.9270439036847077,-0.056908364446214256,-0.08218525588897896,-0.08884259178901743
1778685559.5872705,0.8779624091584406,-0.049297743110907934,0.9270439036847077,-0.056908364446214256,-0.09127158288774866,-0.08884259178901743
1778685559.5872705,0.8779624091584406,-0.049297743110907934,0.939306651666938,-0.058118741215781346,-0.09127158288774866,-0.08884259178901743
1778685559.5872705,0.8779624091584406,-0.049297743110907934,0.939306651666938,-0.058118741215781346,-0.09127158288774866,-0.0873191158444273
1778685559.665421,0.8906951295995704,-0.06951346138229081,0.939306651666938,-0.058118741215781346,-0.08554469532306046,-0.0873191158444273
1778685559.665421,0.8906951295995704,-0.06951346138229081,0.9513111063319406,-0.0596656957063515,-0.08554469532306046,-0.0873191158444273
1778685559.665421,0.8906951295995704,-0.06951346138229081,0.9513111063319406,-0.0596656957063515,-0.08554469532306046,-0.088299667039192
1778685559.7314475,0.9105802319975996,-0.07182639563606892,0.9513111063319406,-0.0596656957063515,-0.08378714871824222,-0.088299667039192
1778685559.78151,0.9092358387212012,-0.05381094058239641,0.9513111063319406,-0.0596656957063515,-0.08967407202378223,-0.088299667039192
1778685559.78151,0.9092358387212012,-0.05381094058239641,0.9658463799254211,-0.061283045873344315,-0.08967407202378223,-0.088299667039192
1778685559.78151,0.9092358387212012,-0.05381094058239641,0.9658463799254211,-0.061283045873344315,-0.08967407202378223,-0.08732514517389811
1778685559.8548384,0.9220907592259269,-0.05816310692538538,0.9658463799254211,-0.061283045873344315,-0.08728223781767079,-0.08732514517389811
1778685559.9119465,0.9337044257703611,-0.06419194827761965,0.9658463799254211,-0.061283045873344315,-0.08549972159402076,-0.08732514517389811
1778685559.9119465,0.9337044257703611,-0.06419194827761965,0.9772298687509348,-0.06270999442161303,-0.08549972159402076,-0.08732514517389811
1778685559.9119465,0.9337044257703611,-0.06419194827761965,0.9772298687509348,-0.06270999442161303,-0.08549972159402076,-0.08828942819872143
1778685559.9844482,0.9356748631343362,-0.05674044825893446,0.9772298687509348,-0.06270999442161303,-0.0895489539747223,-0.08828942819872143
1778685559.9844482,0.9356748631343362,-0.05674044825893446,0.9905962610372169,-0.06387599495729691,-0.0895489539747223,-0.08828942819872143
1778685559.9844482,0.9356748631343362,-0.05674044825893446,0.9905962610372169,-0.06387599495729691,-0.0895489539747223,-0.0876451850977582
1778685560.0635622,0.9441421944685457,-0.0691390813486593,0.9905962610372169,-0.06387599495729691,-0.08575299782586722,-0.0876451850977582
1778685560.0635622,0.9441421944685457,-0.0691390813486593,1.003479974858936,-0.06520637766916544,-0.08575299782586722,-0.0876451850977582
1778685560.0635622,0.9441421944685457,-0.0691390813486593,1.003479974858936,-0.06520637766916544,-0.08575299782586722,-0.08677957020578342
1778685560.1306262,0.9490245589639007,-0.07087280775308913,1.003479974858936,-0.06520637766916544,-0.08613696242578431,-0.08677957020578342
1778685560.198123,0.9594849638519668,-0.06651137787352551,1.003479974858936,-0.06520637766916544,-0.08842795219690662,-0.08677957020578342
1778685560.198123,0.9594849638519668,-0.06651137787352551,1.0157427228411664,-0.06641675443873259,-0.08842795219690662,-0.08677957020578342
1778685560.198123,0.9594849638519668,-0.06651137787352551,1.0157427228411664,-0.06641675443873259,-0.08842795219690662,-0.08865339056796717
1778685560.2613232,0.9776380245074083,-0.09556589190615067,1.0157427228411664,-0.06641675443873259,-0.07762830863090384,-0.08865339056796717
1778685560.2613232,0.9776380245074083,-0.09556589190615067,1.028996922553781,-0.06749665720200727,-0.07762830863090384,-0.08865339056796717
1778685560.3219924,0.97398785178667,-0.07397690816994856,1.028996922553781,-0.06749665720200727,-0.08450777741327488,-0.08865339056796717
1778685560.3219924,0.97398785178667,-0.07397690816994856,1.028996922553781,-0.06749665720200727,-0.08450777741327488,-0.08518956798882105
1778685560.3770223,0.9888679348243445,-0.0811834232732777,1.028996922553781,-0.06749665720200727,-0.08445238829276008,-0.08518956798882105
1778685560.3770223,0.9888679348243445,-0.0811834232732777,1.0413979579109374,-0.06899142209006044,-0.08445238829276008,-0.08518956798882105
1778685560.3770223,0.9888679348243445,-0.0811834232732777,1.0413979579109374,-0.06899142209006044,-0.08445238829276008,-0.0873304840009528
1778685560.4456124,0.9924232054366258,-0.12379876279852939,1.0413979579109374,-0.06899142209006044,-0.06804348281668489,-0.0873304840009528
1778685560.5054774,1.003079042014651,-0.08132419134814677,1.0413979579109374,-0.06899142209006044,-0.08108058558364013,-0.0873304840009528
1778685560.5054774,1.003079042014651,-0.08132419134814677,1.0546260628222934,-0.06987303450725828,-0.08108058558364013,-0.0873304840009528
1778685560.5054774,1.003079042014651,-0.08132419134814677,1.0546260628222934,-0.06987303450725828,-0.08108058558364013,-0.08417420563224186
1778685560.5624197,1.0148364370265095,-0.08377092944876906,1.0546260628222934,-0.06987303450725828,-0.08234738538252266,-0.08417420563224186
1778685560.5624197,1.0148364370265095,-0.08377092944876906,1.0669279530064115,-0.07138084679594069,-0.08234738538252266,-0.08417420563224186
1778685560.6192539,1.024309485223645,-0.08788869452130543,1.0669279530064115,-0.07138084679594069,-0.08136962041427666,-0.08417420563224186
1778685560.6192539,1.024309485223645,-0.08788869452130543,1.0669279530064115,-0.07138084679594069,-0.08136962041427666,-0.08460389935368262
1778685560.6876137,1.0182596799051375,-0.07346515358866253,1.0669279530064115,-0.07138084679594069,-0.08196454891555068,-0.08460389935368262
1778685560.6876137,1.0182596799051375,-0.07346515358866253,1.0795481394789077,-0.07224159844387555,-0.08196454891555068,-0.08460389935368262
1778685560.6876137,1.0182596799051375,-0.07346515358866253,1.0795481394789077,-0.07224159844387555,-0.08196454891555068,-0.08351071797496301
1778685560.7554882,1.026617048628831,-0.07403550117220749,1.0795481394789077,-0.07224159844387555,-0.08323844225404266,-0.08351071797496301
1778685560.8123732,1.0224796337848383,-0.08824012960394419,1.0795481394789077,-0.07224159844387555,-0.08021540098389328,-0.08351071797496301
1778685560.8123732,1.0224796337848383,-0.08824012960394419,1.0921474651821408,-0.07371026853067024,-0.08021540098389328,-0.08351071797496301
1778685560.8123732,1.0224796337848383,-0.08824012960394419,1.0921474651821408,-0.07371026853067024,-0.08021540098389328,-0.08660229157480259
1778685560.8747873,1.044623165024163,-0.07715358120447906,1.0921474651821408,-0.07371026853067024,-0.08347095140754827,-0.08660229157480259
1778685560.8747873,1.044623165024163,-0.07715358120447906,1.1046946012828571,-0.0747823579253112,-0.08347095140754827,-0.08660229157480259
1778685560.9262338,1.0484707357421825,-0.08430411217106373,1.1046946012828571,-0.0747823579253112,-0.07781509240647996,-0.08660229157480259
1778685560.9262338,1.0484707357421825,-0.08430411217106373,1.1046946012828571,-0.0747823579253112,-0.07781509240647996,-0.08307967801052785
1778685560.9864397,1.070436602628337,-0.07999819894134523,1.1046946012828571,-0.0747823579253112,-0.08206202476364448,-0.08307967801052785
1778685560.9864397,1.070436602628337,-0.07999819894134523,1.1177374632487656,-0.07578921031680598,-0.08206202476364448,-0.08307967801052785
1778685560.9864397,1.070436602628337,-0.07999819894134523,1.1177374632487656,-0.07578921031680598,-0.08206202476364448,-0.08496842072633191
1778685561.064017,1.0753967220364342,-0.05421009197878089,1.1177374632487656,-0.07578921031680598,-0.09176837032170959,-0.08496842072633191
1778685561.064017,1.0753967220364342,-0.05421009197878089,1.1303237415513694,-0.07715873523056223,-0.09176837032170959,-0.08496842072633191
1778685561.1175292,1.080283637054185,-0.07653956963406361,1.1303237415513694,-0.07715873523056223,-0.08091777619378107,-0.08496842072633191
1778685561.1175292,1.080283637054185,-0.07653956963406361,1.1303237415513694,-0.07715873523056223,-0.08091777619378107,-0.083582616605268
1778685561.1828184,1.0754259711594973,-0.09766934101236904,1.1303237415513694,-0.07715873523056223,-0.0735972076436926,-0.083582616605268
1778685561.1828184,1.0754259711594973,-0.09766934101236904,1.1429569754244953,-0.07811863205153548,-0.0735972076436926,-0.083582616605268
1778685561.1828184,1.0754259711594973,-0.09766934101236904,1.1429569754244953,-0.07811863205153548,-0.0735972076436926,-0.08485097226179406
1778685561.259812,1.0944348761092173,-0.09227037235925573,1.1429569754244953,-0.07811863205153548,-0.07926724024487354,-0.08485097226179406
1778685561.259812,1.0944348761092173,-0.09227037235925573,1.155331915980393,-0.07941510659351185,-0.07926724024487354,-0.08485097226179406
1778685561.3193839,1.0995034434282707,-0.09126029105063503,1.155331915980393,-0.07941510659351185,-0.07603319483649736,-0.08485097226179406
1778685561.3193839,1.0995034434282707,-0.09126029105063503,1.155331915980393,-0.07941510659351185,-0.07603319483649736,-0.08485409489647422
1778685561.3896909,1.0966162064030727,-0.07820871857687849,1.155331915980393,-0.07941510659351185,-0.07998505610914897,-0.08485409489647422
1778685561.3896909,1.0966162064030727,-0.07820871857687849,1.1680382002252987,-0.08016366566777904,-0.07998505610914897,-0.08485409489647422
1778685561.3896909,1.0966162064030727,-0.07820871857687849,1.1680382002252987,-0.08016366566777904,-0.07998505610914897,-0.08432897564813224
1778685561.4590724,1.1124955750439809,-0.11378788914693481,1.1680382002252987,-0.08016366566777904,-0.06637522037783103,-0.08432897564813224
1778685561.4590724,1.1124955750439809,-0.11378788914693481,1.1807497185021996,-0.0817184335269829,-0.06637522037783103,-0.08432897564813224
1778685561.527168,1.136650142053723,-0.11172768467756684,1.1807497185021996,-0.0817184335269829,-0.06925366906666366,-0.08432897564813224
1778685561.527168,1.136650142053723,-0.11172768467756684,1.1807497185021996,-0.0817184335269829,-0.06925366906666366,-0.08458147941612282
1778685561.5934682,1.1464057937403114,-0.10467436444411064,1.1807497185021996,-0.0817184335269829,-0.07213612911786685,-0.08458147941612282
1778685561.5934682,1.1464057937403114,-0.10467436444411064,1.1942752589326708,-0.08256090374229301,-0.07213612911786685,-0.08458147941612282
1778685561.653964,1.1354231436514675,-0.0736746626285679,1.1942752589326708,-0.08256090374229301,-0.08291991778373344,-0.08458147941612282
1778685561.653964,1.1354231436514675,-0.0736746626285679,1.206391906171341,-0.0841939560052724,-0.08291991778373344,-0.08458147941612282
1778685561.7217262,1.1504977135721437,-0.10468225332529248,1.206391906171341,-0.0841939560052724,-0.07175333187796697,-0.08458147941612282
1778685561.7217262,1.1504977135721437,-0.10468225332529248,1.206391906171341,-0.0841939560052724,-0.07175333187796697,-0.08532022326398092
1778685561.7997885,1.1735668284262724,-0.11149655649947748,1.206391906171341,-0.0841939560052724,-0.06845653820963886,-0.08532022326398092
1778685561.7997885,1.1735668284262724,-0.11149655649947748,1.218787707496502,-0.08488251210838883,-0.06845653820963886,-0.08532022326398092
1778685561.7997885,1.1735668284262724,-0.11149655649947748,1.218787707496502,-0.08488251210838883,-0.06845653820963886,-0.0837450659992216
1778685561.8699512,1.1540398841894766,-0.10832766567966338,1.218787707496502,-0.08488251210838883,-0.06950981165224648,-0.0837450659992216
1778685561.9361508,1.1638279007891783,-0.10337809287331058,1.218787707496502,-0.08488251210838883,-0.07123663673915465,-0.0837450659992216
1778685561.9991574,1.1919537087955931,-0.07918037841568613,1.218787707496502,-0.08488251210838883,-0.08062163745590287,-0.0837450659992216
1778685561.9991574,1.1919537087955931,-0.07918037841568613,1.2448786654603143,-0.08770242567631505,-0.08062163745590287,-0.0837450659992216
1778685561.9991574,1.1919537087955931,-0.07918037841568613,1.2448786654603143,-0.08770242567631505,-0.08062163745590287,-0.08467142913492642
1778685562.0792468,1.193233277830389,-0.0913598127036411,1.2448786654603143,-0.08770242567631505,-0.07562593441749371,-0.08467142913492642
1778685562.0792468,1.193233277830389,-0.0913598127036411,1.2561238669109018,-0.08884498610609766,-0.07562593441749371,-0.08467142913492642
1778685562.0792468,1.193233277830389,-0.0913598127036411,1.2561238669109018,-0.08884498610609766,-0.07562593441749371,-0.08565456993564524
1778685562.1465526,1.2101599158014786,-0.08831325042435824,1.2561238669109018,-0.08884498610609766,-0.07690117778685336,-0.08565456993564524
1778685562.1465526,1.2101599158014786,-0.08831325042435824,1.2685249022680585,-0.09033975099415086,-0.07690117778685336,-0.08565456993564524
1778685562.2139914,1.2002285821069827,-0.09853401666591555,1.2685249022680585,-0.09033975099415086,-0.07592161326572107,-0.08565456993564524
1778685562.2139914,1.2002285821069827,-0.09853401666591555,1.2685249022680585,-0.09033975099415086,-0.07592161326572107,-0.08535715553909906
1778685562.2975304,1.2134159227384034,-0.0868461213060681,1.2685249022680585,-0.09033975099415086,-0.07719390026789677,-0.08535715553909906
1778685562.2975304,1.2134159227384034,-0.0868461213060681,1.281507761262816,-0.09165708630539017,-0.07719390026789677,-0.08535715553909906
1778685562.2975304,1.2134159227384034,-0.0868461213060681,1.281507761262816,-0.09165708630539017,-0.07719390026789677,-0.08707123789630744
1778685562.3735738,1.2242798675989452,-0.07920361500249919,1.281507761262816,-0.09165708630539017,-0.08175567366403079,-0.08707123789630744
1778685562.3735738,1.2242798675989452,-0.07920361500249919,1.295150728298951,-0.09339186307804613,-0.08175567366403079,-0.08707123789630744
1778685562.3735738,1.2242798675989452,-0.07920361500249919,1.295150728298951,-0.09339186307804613,-0.08175567366403079,-0.08731651198788137
1778685562.450361,1.246596315130762,-0.08497580405937914,1.295150728298951,-0.09339186307804613,-0.0783073528652991,-0.08731651198788137
1778685562.5194337,1.2418129821607913,-0.10278404324485231,1.295150728298951,-0.09339186307804613,-0.07249138693091778,-0.08731651198788137
1778685562.5194337,1.2418129821607913,-0.10278404324485231,1.3079822525181533,-0.09432566509776093,-0.07249138693091778,-0.08731651198788137
1778685562.5194337,1.2418129821607913,-0.10278404324485231,1.3079822525181533,-0.09432566509776093,-0.07249138693091778,-0.08850975865289179
1778685562.5906932,1.2486442415764718,-0.09118457818074506,1.3079822525181533,-0.09432566509776093,-0.07882575331710813,-0.08850975865289179
1778685562.5906932,1.2486442415764718,-0.09118457818074506,1.3187447755041777,-0.09563260770372824,-0.07882575331710813,-0.08850975865289179
1778685562.5906932,1.2486442415764718,-0.09118457818074506,1.3187447755041777,-0.09563260770372824,-0.07882575331710813,-0.09064771353990865
1778685562.6611156,1.252683006952439,-0.0642835410251417,1.3187447755041777,-0.09563260770372824,-0.08714351897702738,-0.09064771353990865
1778685562.6611156,1.252683006952439,-0.0642835410251417,1.331451059749083,-0.09638116677799548,-0.08714351897702738,-0.09064771353990865
1778685562.6611156,1.252683006952439,-0.0642835410251417,1.331451059749083,-0.09638116677799548,-0.08714351897702738,-0.09357703287882746
1778685562.7305956,1.2612134897817677,-0.08763131856239482,1.331451059749083,-0.09638116677799548,-0.08001718741153763,-0.09357703287882746
1778685562.787514,1.2723588698441635,-0.11333844463371105,1.331451059749083,-0.09638116677799548,-0.07492599233129382,-0.09357703287882746
1778685562.787514,1.2723588698441635,-0.11333844463371105,1.3435546595871242,-0.09791507386793634,-0.07492599233129382,-0.09357703287882746
1778685562.787514,1.2723588698441635,-0.11333844463371105,1.3435546595871242,-0.09791507386793634,-0.07492599233129382,-0.10081442133941909
1778685562.8714416,1.2796914052353028,-0.09613545769254557,1.3435546595871242,-0.09791507386793634,-0.0784502750634594,-0.10081442133941909
1778685562.8714416,1.2796914052353028,-0.09613545769254557,1.3567749511298466,-0.09950374989703244,-0.0784502750634594,-0.10081442133941909
1778685562.8714416,1.2796914052353028,-0.09613545769254557,1.3567749511298466,-0.09950374989703244,-0.0784502750634594,-0.11593512996847277
1778685562.9488566,1.292772176881469,-0.09257491844087491,1.3567749511298466,-0.09950374989703244,-0.08169061262119405,-0.11593512996847277
1778685562.9488566,1.292772176881469,-0.09257491844087491,1.3694264664355968,-0.1013690006759808,-0.08169061262119405,-0.11593512996847277
1778685563.0165536,1.2958573761526049,-0.11295144176404469,1.3694264664355968,-0.1013690006759808,-0.0783484448741991,-0.11593512996847277
1778685563.0165536,1.2958573761526049,-0.11295144176404469,1.3694264664355968,-0.1013690006759808,-0.0783484448741991,-0.132264709023044
1778685563.0860102,1.307916073464718,-0.12344236028884763,1.3694264664355968,-0.1013690006759808,-0.07768728856004999,-0.132264709023044
1778685563.0860102,1.307916073464718,-0.12344236028884763,1.3819866499369424,-0.10254023524366022,-0.07768728856004999,-0.132264709023044
1778685563.0860102,1.307916073464718,-0.12344236028884763,1.3819866499369424,-0.10254023524366022,-0.07768728856004999,-0.14460983498638225
1778685563.1630747,1.3081345874306112,-0.0996776719569609,1.3819866499369424,-0.10254023524366022,-0.08816919584339851,-0.14460983498638225
1778685563.1630747,1.3081345874306112,-0.0996776719569609,1.3955226584314047,-0.10499512302884371,-0.08816919584339851,-0.14460983498638225
1778685563.2316422,1.3195784282973604,-0.11547952199193579,1.3955226584314047,-0.10499512302884371,-0.08853219254269651,-0.14460983498638225
1778685563.2316422,1.3195784282973604,-0.11547952199193579,1.3955226584314047,-0.10499512302884371,-0.08853219254269651,-0.15254554586321414
1778685563.2975643,1.335976243839253,-0.08520580309697846,1.3955226584314047,-0.10499512302884371,-0.11034022937264747,-0.15254554586321414
1778685563.2975643,1.335976243839253,-0.08520580309697846,1.4063034628500537,-0.10720741959278608,-0.11034022937264747,-0.15254554586321414
1778685563.2975643,1.335976243839253,-0.08520580309697846,1.4063034628500537,-0.10720741959278608,-0.11034022937264747,-0.15487727765981374
1778685563.382394,1.3741715078212946,-0.11971287248037618,1.4063034628500537,-0.10720741959278608,-0.11096300934577562,-0.15487727765981374
1778685563.382394,1.3741715078212946,-0.11971287248037618,1.4188088774122443,-0.10949534586514671,-0.11096300934577562,-0.15487727765981374
1778685563.382394,1.3741715078212946,-0.11971287248037618,1.4188088774122443,-0.10949534586514671,-0.11096300934577562,-0.1568264512271389
1778685563.4781904,1.3554532600691804,-0.09914776912656424,1.4188088774122443,-0.10949534586514671,-0.1336498916480843,-0.1568264512271389
1778685563.4781904,1.3554532600691804,-0.09914776912656424,1.4322718355349269,-0.11216157139703627,-0.1336498916480843,-0.1568264512271389
1778685563.4781904,1.3554532600691804,-0.09914776912656424,1.4322718355349269,-0.11216157139703627,-0.1336498916480843,-0.15909080358939853
1778685563.5571032,1.3775274841761225,-0.11297349335723382,1.4322718355349269,-0.11216157139703627,-0.1424564883773554,-0.15909080358939853
1778685563.5571032,1.3775274841761225,-0.11297349335723382,1.4444667671773725,-0.11438949469824615,-0.1424564883773554,-0.15909080358939853
1778685563.6256814,1.3809354964209324,-0.11016186423242365,1.4444667671773725,-0.11438949469824615,-0.1468804547493,-0.15909080358939853
1778685563.6256814,1.3809354964209324,-0.11016186423242365,1.4444667671773725,-0.11438949469824615,-0.1468804547493,-0.159377540191036
1778685563.7109094,1.3899871889610658,-0.11188831340625342,1.4444667671773725,-0.11438949469824615,-0.15118481877291462,-0.159377540191036
1778685563.7109094,1.3899871889610658,-0.11188831340625342,1.4572096142875275,-0.11694876168846356,-0.15118481877291462,-0.159377540191036
1778685563.7109094,1.3899871889610658,-0.11188831340625342,1.4572096142875275,-0.11694876168846356,-0.15118481877291462,-0.16240414654214597
1778685563.7853386,1.3861448354270591,-0.08277092779794887,1.4572096142875275,-0.11694876168846356,-0.16315977781432311,-0.16240414654214597
1778685563.7853386,1.3861448354270591,-0.08277092779794887,1.4701116095418716,-0.11918449835830715,-0.16315977781432311,-0.16240414654214597
1778685563.7853386,1.3861448354270591,-0.08277092779794887,1.4701116095418716,-0.11918449835830715,-0.16315977781432311,-0.16102706185477533
1778685563.8583782,1.4160090801998835,-0.10053163084537119,1.4701116095418716,-0.11918449835830715,-0.1567228501200896,-0.16102706185477533
1778685563.8583782,1.4160090801998835,-0.10053163084537119,1.4814533768288594,-0.12182728378429551,-0.1567228501200896,-0.16102706185477533
1778685563.9294326,1.408601043374053,-0.13730485790479333,1.4814533768288594,-0.12182728378429551,-0.1493072751909721,-0.16102706185477533
1778685563.9294326,1.408601043374053,-0.13730485790479333,1.4814533768288594,-0.12182728378429551,-0.1493072751909721,-0.1636319180627983
1778685563.9294326,1.408601043374053,-0.13730485790479333,1.493113440404225,-0.12382300856953636,-0.1493072751909721,-0.1636319180627983
1778685564.0248446,1.4192220048780042,-0.11495603068097898,1.493113440404225,-0.12382300856953636,-0.15536343956186122,-0.1636319180627983
1778685564.0248446,1.4192220048780042,-0.11495603068097898,1.493113440404225,-0.12382300856953636,-0.15536343956186122,-0.1622206498243726
1778685564.1021736,1.4213080020932425,-0.11024831890934268,1.493113440404225,-0.12382300856953636,-0.16053144096982339,-0.1622206498243726
1778685564.1021736,1.4213080020932425,-0.11024831890934268,1.5030227990347915,-0.1255448133002821,-0.16053144096982339,-0.1622206498243726
1778685564.1021736,1.4213080020932425,-0.11024831890934268,1.5030227990347915,-0.1255448133002821,-0.16053144096982339,-0.16373090151047887
1778685564.1707232,1.4386853002411408,-0.09834365977894893,1.5030227990347915,-0.1255448133002821,-0.16641651618868183,-0.16373090151047887
1778685564.1707232,1.4386853002411408,-0.09834365977894893,1.5133078775882487,-0.1278223468673707,-0.16641651618868183,-0.16373090151047887
1778685564.1707232,1.4386853002411408,-0.09834365977894893,1.5133078775882487,-0.1278223468673707,-0.16641651618868183,-0.16360940043019492
1778685564.2435706,1.4586823024641202,-0.10038171562237988,1.5133078775882487,-0.1278223468673707,-0.1641654435016872,-0.16360940043019492
1778685564.3129778,1.450539164331265,-0.10881519189978206,1.5133078775882487,-0.1278223468673707,-0.1642918097997876,-0.16360940043019492
1778685564.3129778,1.450539164331265,-0.10881519189978206,1.5235277191385594,-0.1296041545692672,-0.1642918097997876,-0.16360940043019492
1778685564.3129778,1.450539164331265,-0.10881519189978206,1.5235277191385594,-0.1296041545692672,-0.1642918097997876,-0.16226595258664567
1778685564.37592,1.471856260078726,-0.11071385624509779,1.5235277191385594,-0.1296041545692672,-0.1642996335625212,-0.16226595258664567
1778685564.37592,1.471856260078726,-0.11071385624509779,1.5336014599453105,-0.13180863776457585,-0.1642996335625212,-0.16226595258664567
1778685564.4689744,1.4641816775562835,-0.11792024664463194,1.5336014599453105,-0.13180863776457585,-0.1604858076401461,-0.16226595258664567
1778685564.4689744,1.4641816775562835,-0.11792024664463194,1.5438473962968802,-0.13378873581254913,-0.1604858076401461,-0.16226595258664567
1778685564.5374997,1.4807495832543474,-0.11315411064312975,1.5438473962968802,-0.13378873581254913,-0.16548177984389018,-0.16226595258664567
1778685564.5374997,1.4807495832543474,-0.11315411064312975,1.5540802852478204,-0.13566968868748408,-0.16548177984389018,-0.16226595258664567
1778685564.6173751,1.4782127113256875,-0.104793563593106,1.5540802852478204,-0.13566968868748408,-0.16805271102981845,-0.16226595258664567
1778685564.6924734,1.498337984036049,-0.13744140515262135,1.5540802852478204,-0.13566968868748408,-0.15680905966098774,-0.16226595258664567
1778685564.6924734,1.498337984036049,-0.13744140515262135,1.5642270764263515,-0.1376628341360866,-0.15680905966098774,-0.16226595258664567
1778685564.7565777,1.5028296222537596,-0.11869107056569643,1.5642270764263515,-0.1376628341360866,-0.16389821102776178,-0.16226595258664567
1778685564.7565777,1.5028296222537596,-0.11869107056569643,1.5746713031239978,-0.13961683738280148,-0.16389821102776178,-0.16226595258664567
1778685564.834243,1.5112032157981417,-0.14102589202013502,1.5746713031239978,-0.13961683738280148,-0.15822174181482287,-0.16226595258664567
1778685564.905983,1.5176386232208157,-0.15365642404480315,1.5746713031239978,-0.13961683738280148,-0.15288709724185998,-0.16226595258664567
1778685564.905983,1.5176386232208157,-0.15365642404480315,1.58532686756835,-0.14164389100129623,-0.15288709724185998,-0.16226595258664567
1778685564.905983,1.5176386232208157,-0.15365642404480315,1.58532686756835,-0.14164389100129623,-0.15288709724185998,-0.1632979782494246
1778685564.905983,1.5176386232208157,-0.15365642404480315,1.58532686756835,-0.14164389100129623,-0.15288709724185998,-0.16314417911312518
1778685564.905983,1.5176386232208157,-0.15365642404480315,1.58532686756835,-0.14164389100129623,-0.15288709724185998,-0.16311071967106286
1778685564.905983,1.5176386232208157,-0.15365642404480315,1.58532686756835,-0.14164389100129623,-0.15288709724185998,-0.1632741811960905
1778685564.905983,1.5176386232208157,-0.15365642404480315,1.58532686756835,-0.14164389100129623,-0.15288709724185998,-0.16343477865709932
1778685564.905983,1.5176386232208157,-0.15365642404480315,1.58532686756835,-0.14164389100129623,-0.15288709724185998,-0.16411325472487936
1778685564.990507,1.5154427993154282,-0.12828317642110176,1.58532686756835,-0.14164389100129623,-0.16049154015811742,-0.16411325472487936
1778685564.990507,1.5154427993154282,-0.12828317642110176,1.5958702394390347,-0.14358484684738185,-0.16049154015811742,-0.16411325472487936
1778685564.990507,1.5154427993154282,-0.12828317642110176,1.5958702394390347,-0.14358484684738185,-0.16049154015811742,-0.1620740988505167
1778685565.0824938,1.526960784406216,-0.14432793013465847,1.5958702394390347,-0.14358484684738185,-0.15658494353553246,-0.1620740988505167
1778685565.136492,1.5368049637513432,-0.13813005456451796,1.5958702394390347,-0.14358484684738185,-0.15974000510158476,-0.1620740988505167
1778685565.136492,1.5368049637513432,-0.13813005456451796,1.60700848234795,-0.14544751828969202,-0.15974000510158476,-0.1620740988505167
1778685565.136492,1.5368049637513432,-0.13813005456451796,1.60700848234795,-0.14544751828969202,-0.15974000510158476,-0.16228108005593356
1778685565.2035096,1.5444895791406097,-0.13856469817925204,1.60700848234795,-0.14544751828969202,-0.158542451457498,-0.16228108005593356
1778685565.2035096,1.5444895791406097,-0.13856469817925204,1.6178023341672287,-0.14775896002667283,-0.158542451457498,-0.16228108005593356
1778685565.2035096,1.5444895791406097,-0.13856469817925204,1.6178023341672287,-0.14775896002667283,-0.158542451457498,-0.1632897336352892
1778685565.2752976,1.5543915241069963,-0.12783835605272584,1.6178023341672287,-0.14775896002667283,-0.1630717830465401,-0.1632897336352892
1778685565.3311422,1.5611735543747673,-0.13208187437366206,1.6178023341672287,-0.14775896002667283,-0.16338812988203102,-0.1632897336352892
1778685565.3893764,1.5756917574862515,-0.13806999770786815,1.6178023341672287,-0.14775896002667283,-0.1590751547619031,-0.1632897336352892
1778685565.460368,1.5680359110144864,-0.12639704767203086,1.6178023341672287,-0.14775896002667283,-0.16375249389756313,-0.1632897336352892
1778685565.5470734,1.584194034858112,-0.1395962883695844,1.6178023341672287,-0.14775896002667283,-0.16038107711207036,-0.1632897336352892
1778685565.620358,1.5886572868753432,-0.12713938972461825,1.6178023341672287,-0.14775896002667283,-0.16784850666594844,-0.1632897336352892
1778685565.6753976,1.6052858812886157,-0.13897677052894758,1.6178023341672287,-0.14775896002667283,-0.16340796999240229,-0.1632897336352892
1778685565.7360847,1.6097121392680507,-0.12495375020680047,1.6178023341672287,-0.14775896002667283,-0.16714565009681956,-0.1632897336352892
1778685565.8059895,1.6131116980862734,-0.131023879610004,1.6178023341672287,-0.14775896002667283,-0.16565410929023355,-0.1632897336352892
1778685565.8594582,1.6189102860095013,-0.13734416649218734,1.6178023341672287,-0.14775896002667283,-0.1626181858272447,-0.1632897336352892
1778685565.9176056,1.6290344006964457,-0.14837507832956495,1.6178023341672287,-0.14775896002667283,-0.16041865849895007,-0.1632897336352892
1778685565.997303,1.6293338198792189,-0.1504918446977725,1.6178023341672287,-0.14775896002667283,-0.15778918099684006,-0.1632897336352892
1778685565.997303,1.6293338198792189,-0.1504918446977725,1.6178023341672287,-0.14775896002667283,-0.15778918099684006,-0.16358233389083487
1778685565.997303,1.6293338198792189,-0.1504918446977725,1.6178023341672287,-0.14775896002667283,-0.15778918099684006,-0.16376416960499984
1778685565.997303,1.6293338198792189,-0.1504918446977725,1.6178023341672287,-0.14775896002667283,-0.15778918099684006,-0.16274060904100063
1778685565.997303,1.6293338198792189,-0.1504918446977725,1.6178023341672287,-0.14775896002667283,-0.15778918099684006,-0.16300583909491673
1778685565.997303,1.6293338198792189,-0.1504918446977725,1.6178023341672287,-0.14775896002667283,-0.15778918099684006,-0.16078711763031972
1778685565.997303,1.6293338198792189,-0.1504918446977725,1.6178023341672287,-0.14775896002667283,-0.15778918099684006,-0.16217911819389833
1778685565.997303,1.6293338198792189,-0.1504918446977725,1.6178023341672287,-0.14775896002667283,-0.15778918099684006,-0.16047726053306066
1778685566.112008,1.6425140406573409,-0.13146345423167224,1.6178023341672287,-0.14775896002667283,-0.16454790249095147,-0.16047726053306066
1778685566.112008,1.6425140406573409,-0.13146345423167224,1.6178023341672287,-0.14775896002667283,-0.16454790249095147,-0.16155652058264947
1778685566.112008,1.6425140406573409,-0.13146345423167224,1.6294493503419654,-0.14965553963887518,-0.16454790249095147,-0.16155652058264947
1778685566.112008,1.6425140406573409,-0.13146345423167224,1.6412085590903698,-0.1516382170234867,-0.16454790249095147,-0.16155652058264947
1778685566.112008,1.6425140406573409,-0.13146345423167224,1.6531191026143295,-0.15400442769962283,-0.16454790249095147,-0.16155652058264947
1778685566.112008,1.6425140406573409,-0.13146345423167224,1.6649774565357727,-0.15597405768360517,-0.16454790249095147,-0.16155652058264947
1778685566.112008,1.6425140406573409,-0.13146345423167224,1.689565610166741,-0.16040380948476646,-0.16454790249095147,-0.16155652058264947
1778685566.112008,1.6425140406573409,-0.13146345423167224,1.6990783881051537,-0.16217780381802913,-0.16454790249095147,-0.16155652058264947
1778685566.112008,1.6425140406573409,-0.13146345423167224,1.7131701254359586,-0.1642569716803219,-0.16454790249095147,-0.16155652058264947
1778685566.112008,1.6425140406573409,-0.13146345423167224,1.7246840882677648,-0.16667537195897492,-0.16454790249095147,-0.16155652058264947
1778685566.2002137,1.6490847174152836,-0.13488656936381915,1.7246840882677648,-0.16667537195897492,-0.1646887455476525,-0.16155652058264947
1778685566.2002137,1.6490847174152836,-0.13488656936381915,1.735736233404271,-0.16865023597495274,-0.1646887455476525,-0.16155652058264947
1778685566.2002137,1.6490847174152836,-0.13488656936381915,1.735736233404271,-0.16865023597495274,-0.1646887455476525,-0.1617376271933986
1778685566.2695549,1.6504186108391237,-0.13526326548238432,1.735736233404271,-0.16865023597495274,-0.16234223552061375,-0.1617376271933986
1778685566.2695549,1.6504186108391237,-0.13526326548238432,1.74719800663356,-0.17067205556145207,-0.16234223552061375,-0.1617376271933986
1778685566.2695549,1.6504186108391237,-0.13526326548238432,1.74719800663356,-0.17067205556145207,-0.16234223552061375,-0.16105424264643275
1778685566.3318913,1.6786769541036646,-0.13023587222012395,1.74719800663356,-0.17067205556145207,-0.1643793226727347,-0.16105424264643275
1778685566.4043162,1.6728842790554235,-0.13027903783996203,1.74719800663356,-0.17067205556145207,-0.1633221430443112,-0.16105424264643275
1778685566.4043162,1.6728842790554235,-0.13027903783996203,1.759332935304855,-0.17321046178240646,-0.1633221430443112,-0.16105424264643275
1778685566.4043162,1.6728842790554235,-0.13027903783996203,1.759332935304855,-0.17321046178240646,-0.1633221430443112,-0.1615526911468974
1778685566.4788568,1.6834554634737742,-0.14289072842451714,1.759332935304855,-0.17321046178240646,-0.15988292295258363,-0.1615526911468974
1778685566.4788568,1.6834554634737742,-0.14289072842451714,1.771527866947301,-0.1754383850836163,-0.15988292295258363,-0.1615526911468974
1778685566.4788568,1.6834554634737742,-0.14289072842451714,1.771527866947301,-0.1754383850836163,-0.15988292295258363,-0.1612445073836155
1778685566.556371,1.6906386321753666,-0.1580363070513834,1.771527866947301,-0.1754383850836163,-0.15672465426927396,-0.1612445073836155
1778685566.556371,1.6906386321753666,-0.1580363070513834,1.7831540223527746,-0.17794288313467854,-0.15672465426927396,-0.1612445073836155
1778685566.556371,1.6906386321753666,-0.1580363070513834,1.7831540223527746,-0.17794288313467854,-0.15672465426927396,-0.16098985346003936
1778685566.6334357,1.7014298279991626,-0.13344661354242066,1.7831540223527746,-0.17794288313467854,-0.16466364527482,-0.16098985346003936
1778685566.6987777,1.7087312418224165,-0.16615543446437686,1.7831540223527746,-0.17794288313467854,-0.1544778053758889,-0.16098985346003936
1778685566.6987777,1.7087312418224165,-0.16615543446437686,1.7963273583249755,-0.17994118725655758,-0.1544778053758889,-0.16098985346003936
1778685566.6987777,1.7087312418224165,-0.16615543446437686,1.7963273583249755,-0.17994118725655758,-0.1544778053758889,-0.1606105453422102
1778685566.7700298,1.7063535318847276,-0.1505446104726078,1.7963273583249755,-0.17994118725655758,-0.16081527066892223,-0.1606105453422102
1778685566.7700298,1.7063535318847276,-0.1505446104726078,1.8099286038225841,-0.1828918009069332,-0.16081527066892223,-0.1606105453422102
1778685566.7700298,1.7063535318847276,-0.1505446104726078,1.8099286038225841,-0.1828918009069332,-0.16081527066892223,-0.16220669520061026
1778685566.8350022,1.7233657024274038,-0.15247261392274608,1.8099286038225841,-0.1828918009069332,-0.16049453265209196,-0.16220669520061026
1778685566.8907971,1.7306116762161932,-0.15814128309362793,1.8099286038225841,-0.1828918009069332,-0.15858756333933166,-0.16220669520061026
1778685566.8907971,1.7306116762161932,-0.15814128309362793,1.825215317261846,-0.18562060874661174,-0.15858756333933166,-0.16220669520061026
1778685566.8907971,1.7306116762161932,-0.15814128309362793,1.825215317261846,-0.18562060874661174,-0.15858756333933166,-0.16296263262347388
1778685566.9514065,1.733261523330586,-0.13016216773171216,1.825215317261846,-0.18562060874661174,-0.16741061627584566,-0.16296263262347388
1778685566.9514065,1.733261523330586,-0.13016216773171216,1.8399332544641356,-0.1886259913361426,-0.16741061627584566,-0.16296263262347388
1778685567.0207026,1.7497617149304847,-0.15202662239810755,1.8399332544641356,-0.1886259913361426,-0.162541792698531,-0.16296263262347388
1778685567.0207026,1.7497617149304847,-0.15202662239810755,1.8399332544641356,-0.1886259913361426,-0.162541792698531,-0.1622334350365895
1778685567.09656,1.7586298866837842,-0.16794484686939148,1.8399332544641356,-0.1886259913361426,-0.1571601149378286,-0.1622334350365895
1778685567.09656,1.7586298866837842,-0.16794484686939148,1.8553321604770652,-0.1914408969482303,-0.1571601149378286,-0.1622334350365895
1778685567.1732001,1.7655160810153685,-0.15645947485608314,1.8553321604770652,-0.1914408969482303,-0.15989998659379878,-0.1622334350365895
1778685567.1732001,1.7655160810153685,-0.15645947485608314,1.869838759932649,-0.19437322916598118,-0.15989998659379878,-0.1622334350365895
1778685567.2438316,1.7803882064303094,-0.17716686247792698,1.869838759932649,-0.19437322916598118,-0.15726318973916603,-0.1622334350365895
1778685567.301302,1.7940369402236092,-0.16325136666994985,1.869838759932649,-0.19437322916598118,-0.161613440782736,-0.1622334350365895
1778685567.301302,1.7940369402236092,-0.16325136666994985,1.8848019430515368,-0.19694288886147054,-0.161613440782736,-0.1622334350365895
1778685567.3740418,1.7998381166477193,-0.15211427395586782,1.8848019430515368,-0.19694288886147054,-0.16587045532399552,-0.1622334350365895
1778685567.3740418,1.7998381166477193,-0.15211427395586782,1.8995798832249775,-0.19963778853125688,-0.16587045532399552,-0.1622334350365895
1778685567.4474294,1.8104954426595206,-0.16942342882466527,1.8995798832249775,-0.19963778853125688,-0.16118269184242692,-0.1622334350365895
1778685567.4474294,1.8104954426595206,-0.16942342882466527,1.9142586782253794,-0.2023457356016724,-0.16118269184242692,-0.1622334350365895
1778685567.517853,1.8215555239930272,-0.18699795127693317,1.9142586782253794,-0.2023457356016724,-0.15706471805248395,-0.1622334350365895
1778685567.5832283,1.8346867706848926,-0.17872485334404428,1.9142586782253794,-0.2023457356016724,-0.15864310110852248,-0.1622334350365895
1778685567.647203,1.8423140100068218,-0.16910861480871603,1.9142586782253794,-0.2023457356016724,-0.16348219655121335,-0.1622334350365895
1778685567.7253454,1.8564925653804571,-0.1768022759522404,1.9142586782253794,-0.2023457356016724,-0.16208511280758583,-0.1622334350365895
1778685567.7253454,1.8564925653804571,-0.1768022759522404,1.945987939010472,-0.2081555557393,-0.16208511280758583,-0.1622334350365895
1778685567.7940862,1.8616642378968036,-0.19806703925074431,1.945987939010472,-0.2081555557393,-0.1551354984855175,-0.1622334350365895
1778685567.7940862,1.8616642378968036,-0.19806703925074431,1.959583950476085,-0.21029996060473896,-0.1551354984855175,-0.1622334350365895
1778685567.8580377,1.8702885144022443,-0.18191236936094707,1.959583950476085,-0.21029996060473896,-0.15974310818360685,-0.1622334350365895
1778685567.8580377,1.8702885144022443,-0.18191236936094707,1.9746645602006363,-0.21376192685757414,-0.15974310818360685,-0.1622334350365895
1778685567.9308295,1.8906039972097641,-0.1691250847701196,1.9746645602006363,-0.21376192685757414,-0.16499959682872614,-0.1622334350365895
1778685567.9995706,1.889995160851719,-0.18886567128387505,1.9746645602006363,-0.21376192685757414,-0.1586702468607013,-0.1622334350365895
1778685567.9995706,1.889995160851719,-0.18886567128387505,1.9898990840373814,-0.216094154005099,-0.1586702468607013,-0.1622334350365895
1778685567.9995706,1.889995160851719,-0.18886567128387505,1.9898990840373814,-0.216094154005099,-0.1586702468607013,-0.16329073324587595
1778685567.9995706,1.889995160851719,-0.18886567128387505,1.9898990840373814,-0.216094154005099,-0.1586702468607013,-0.1627494606931501
1778685567.9995706,1.889995160851719,-0.18886567128387505,1.9898990840373814,-0.216094154005099,-0.1586702468607013,-0.16325127964472583
1778685567.9995706,1.889995160851719,-0.18886567128387505,1.9898990840373814,-0.216094154005099,-0.1586702468607013,-0.162614576090597
1778685567.9995706,1.889995160851719,-0.18886567128387505,1.9898990840373814,-0.216094154005099,-0.1586702468607013,-0.16443548797766727
1778685567.9995706,1.889995160851719,-0.18886567128387505,1.9898990840373814,-0.216094154005099,-0.1586702468607013,-0.16455205848635712
1778685567.9995706,1.889995160851719,-0.18886567128387505,1.9898990840373814,-0.216094154005099,-0.1586702468607013,-0.16227137724215845
1778685567.9995706,1.889995160851719,-0.18886567128387505,1.9898990840373814,-0.216094154005099,-0.1586702468607013,-0.16408000610724027
1778685568.077313,1.9046551569513082,-0.17595523232737695,1.9898990840373814,-0.216094154005099,-0.1625901797006838,-0.16408000610724027
1778685568.077313,1.9046551569513082,-0.17595523232737695,1.9898990840373814,-0.216094154005099,-0.1625901797006838,-0.16207630023344866
1778685568.077313,1.9046551569513082,-0.17595523232737695,2.004729213813339,-0.219185634367039,-0.1625901797006838,-0.16207630023344866
1778685568.077313,1.9046551569513082,-0.17595523232737695,2.004729213813339,-0.219185634367039,-0.1625901797006838,-0.16231794810476163
1778685568.1711578,1.9198008121839052,-0.19865366448590013,2.004729213813339,-0.219185634367039,-0.15766346486154,-0.16231794810476163
1778685568.1711578,1.9198008121839052,-0.19865366448590013,2.019989832451342,-0.22171615186064067,-0.15766346486154,-0.16231794810476163
1778685568.1711578,1.9198008121839052,-0.19865366448590013,2.019989832451342,-0.22171615186064067,-0.15766346486154,-0.16208694928181444
1778685568.2522502,1.9312035783186765,-0.1959960011659884,2.019989832451342,-0.22171615186064067,-0.15722276855920608,-0.16208694928181444
1778685568.2522502,1.9312035783186765,-0.1959960011659884,2.035289593291233,-0.22454410487335766,-0.15722276855920608,-0.16208694928181444
1778685568.320391,1.9408757982557394,-0.19159847686529116,2.035289593291233,-0.22454410487335766,-0.160654796614841,-0.16208694928181444
1778685568.320391,1.9408757982557394,-0.19159847686529116,2.035289593291233,-0.22454410487335766,-0.160654796614841,-0.1609018333286727
1778685568.3831947,1.9457265498906786,-0.1665304100713807,2.035289593291233,-0.22454410487335766,-0.169465175060624,-0.1609018333286727
1778685568.3831947,1.9457265498906786,-0.1665304100713807,2.0501666786377117,-0.22722595714251473,-0.169465175060624,-0.1609018333286727
1778685568.3831947,1.9457265498906786,-0.1665304100713807,2.0501666786377117,-0.22722595714251473,-0.169465175060624,-0.16329225607282805
1778685568.4676547,1.9546810942021098,-0.18043094776485497,2.0501666786377117,-0.22722595714251473,-0.16486086161518435,-0.16329225607282805
1778685568.4676547,1.9546810942021098,-0.18043094776485497,2.0654794868782327,-0.23015305532827016,-0.16486086161518435,-0.16329225607282805
1778685568.5457656,1.968837124731685,-0.18691073941541722,2.0654794868782327,-0.23015305532827016,-0.1619415958625192,-0.16329225607282805
1778685568.5457656,1.968837124731685,-0.18691073941541722,2.0654794868782327,-0.23015305532827016,-0.1619415958625192,-0.1614003048728625
1778685568.5457656,1.968837124731685,-0.18691073941541722,2.080468764798379,-0.23292100536983637,-0.1619415958625192,-0.1614003048728625
1778685568.6347759,1.9797695074389343,-0.18801218190702065,2.080468764798379,-0.23292100536983637,-0.162447165372519,-0.1614003048728625
1778685568.6347759,1.9797695074389343,-0.18801218190702065,2.080468764798379,-0.23292100536983637,-0.162447165372519,-0.16292553272547527
1778685568.6347759,1.9797695074389343,-0.18801218190702065,2.0957554782376406,-0.23564981320951486,-0.162447165372519,-0.16292553272547527
1778685568.6347759,1.9797695074389343,-0.18801218190702065,2.0957554782376406,-0.23564981320951486,-0.162447165372519,-0.1617451740857243
1778685568.742963,1.9900042277868724,-0.1763307546353555,2.0957554782376406,-0.23564981320951486,-0.1675384466041248,-0.1617451740857243
1778685568.8075461,2.0106151342615437,-0.19385292537869708,2.0957554782376406,-0.23564981320951486,-0.16021978421969457,-0.1617451740857243
1778685568.8075461,2.0106151342615437,-0.19385292537869708,2.110856948731455,-0.23850386102349022,-0.16021978421969457,-0.1617451740857243
1778685568.8075461,2.0106151342615437,-0.19385292537869708,2.110856948731455,-0.23850386102349022,-0.16021978421969457,-0.16183968954908146
1778685568.8846085,2.017691622538151,-0.20793387505584587,2.110856948731455,-0.23850386102349022,-0.16012484287751286,-0.16183968954908146
1778685568.8846085,2.017691622538151,-0.20793387505584587,2.126203665141867,-0.24092218594342438,-0.16012484287751286,-0.16183968954908146
1778685568.9573324,2.029815599798157,-0.20457778558820502,2.126203665141867,-0.24092218594342438,-0.15991281126018858,-0.16183968954908146
1778685568.9573324,2.029815599798157,-0.20457778558820502,2.141033794917825,-0.24401366630536428,-0.15991281126018858,-0.16183968954908146
1778685569.033149,2.04078182194653,-0.19653304917944364,2.141033794917825,-0.24401366630536428,-0.162628742762065,-0.16183968954908146
1778685569.033149,2.04078182194653,-0.19653304917944364,2.141033794917825,-0.24401366630536428,-0.162628742762065,-0.16150654014885024
1778685569.033149,2.04078182194653,-0.19653304917944364,2.141033794917825,-0.24401366630536428,-0.162628742762065,-0.16148733421731976
1778685569.1125817,2.0530490271570057,-0.1992275306225925,2.141033794917825,-0.24401366630536428,-0.16127662043791377,-0.16148733421731976
1778685569.1125817,2.0530490271570057,-0.1992275306225925,2.1562552713539405,-0.24624674827985069,-0.16127662043791377,-0.16148733421731976
1778685569.1125817,2.0530490271570057,-0.1992275306225925,2.1562552713539405,-0.24624674827985069,-0.16127662043791377,-0.16195121790263922
1778685569.1893032,2.0699529359005977,-0.2187852818457435,2.1562552713539405,-0.24624674827985069,-0.15675586167776565,-0.16195121790263922
1778685569.1893032,2.0699529359005977,-0.2187852818457435,2.171098448530527,-0.24943737381482914,-0.15675586167776565,-0.16195121790263922
1778685569.1893032,2.0699529359005977,-0.2187852818457435,2.171098448530527,-0.24943737381482914,-0.15675586167776565,-0.16163278151504912
1778685569.2824178,2.0759311005678693,-0.19281467215830655,2.171098448530527,-0.24943737381482914,-0.16408295092804176,-0.16163278151504912
1778685569.2824178,2.0759311005678693,-0.19281467215830655,2.1861477294218243,-0.2518948409366508,-0.16408295092804176,-0.16163278151504912
1778685569.2824178,2.0759311005678693,-0.19281467215830655,2.1861477294218243,-0.2518948409366508,-0.16408295092804176,-0.16315951290038466
1778685569.355899,2.090912235304229,-0.21671813495330508,2.1861477294218243,-0.2518948409366508,-0.1589764000706375,-0.16315951290038466
1778685569.355899,2.090912235304229,-0.21671813495330508,2.2026894219406943,-0.2549628058339707,-0.1589764000706375,-0.16315951290038466
1778685569.4350264,2.0858903000664104,-0.19371555376351138,2.2026894219406943,-0.2549628058339707,-0.16574977950532416,-0.16315951290038466
1778685569.4350264,2.0858903000664104,-0.19371555376351138,2.2026894219406943,-0.2549628058339707,-0.16574977950532416,-0.1610474087613731
1778685569.4957237,2.102896519615127,-0.20625183210198747,2.2026894219406943,-0.2549628058339707,-0.16072603474888617,-0.1610474087613731
1778685569.4957237,2.102896519615127,-0.20625183210198747,2.214970451355549,-0.25707853656151286,-0.16072603474888617,-0.1610474087613731
1778685569.4957237,2.102896519615127,-0.20625183210198747,2.214970451355549,-0.25707853656151286,-0.16072603474888617,-0.16352623458905935
1778685569.5748348,2.1166914788596762,-0.22460971406230795,2.214970451355549,-0.25707853656151286,-0.1588684666502513,-0.16352623458905935
1778685569.6523015,2.128433019537207,-0.217086573211601,2.214970451355549,-0.25707853656151286,-0.16025195106347867,-0.16352623458905935
1778685569.7204604,2.1408878467242634,-0.23178143867907083,2.214970451355549,-0.25707853656151286,-0.1559956940405881,-0.16352623458905935
1778685569.7204604,2.1408878467242634,-0.23178143867907083,2.245410824891142,-0.26305797290732064,-0.1559956940405881,-0.16352623458905935
1778685569.7204604,2.1408878467242634,-0.23178143867907083,2.245410824891142,-0.26305797290732064,-0.1559956940405881,-0.16358238957537186
1778685569.7204604,2.1408878467242634,-0.23178143867907083,2.256303821883459,-0.2653563672436722,-0.1559956940405881,-0.16358238957537186
1778685569.817816,2.1492118564858047,-0.19450620206222016,2.256303821883459,-0.2653563672436722,-0.1688507883044021,-0.16358238957537186
1778685569.817816,2.1492118564858047,-0.19450620206222016,2.256303821883459,-0.2653563672436722,-0.1688507883044021,-0.1614498178486703
1778685569.8999593,2.1675603380051265,-0.2292793021585472,2.256303821883459,-0.2653563672436722,-0.15848100157119488,-0.1614498178486703
1778685569.8999593,2.1675603380051265,-0.2292793021585472,2.268102172833751,-0.267636480147399,-0.15848100157119488,-0.1614498178486703
1778685569.8999593,2.1675603380051265,-0.2292793021585472,2.268102172833751,-0.267636480147399,-0.15848100157119488,-0.1620741773864336
1778685569.9829836,2.1726449376649417,-0.22073934519682542,2.268102172833751,-0.267636480147399,-0.16363042647172404,-0.1620741773864336
1778685569.9829836,2.1726449376649417,-0.22073934519682542,2.2783611565859494,-0.2697157233684108,-0.16363042647172404,-0.1620741773864336
1778685569.9829836,2.1726449376649417,-0.22073934519682542,2.2783611565859494,-0.2697157233684108,-0.16363042647172404,-0.1622461641205355
1778685570.0901756,2.1956557275905078,-0.23628919704509088,2.2783611565859494,-0.2697157233684108,-0.1563980393025834,-0.1622461641205355
1778685570.0901756,2.1956557275905078,-0.23628919704509088,2.2894263491230853,-0.27178973255742706,-0.1563980393025834,-0.1622461641205355
1778685570.0901756,2.1956557275905078,-0.23628919704509088,2.2894263491230853,-0.27178973255742706,-0.1563980393025834,-0.16152805414247154
1778685570.1777332,2.2037758596619543,-0.22209896431164441,2.2894263491230853,-0.27178973255742706,-0.16365648751203352,-0.16152805414247154
1778685570.1777332,2.2037758596619543,-0.22209896431164441,2.2993487551542806,-0.27361068246121123,-0.16365648751203352,-0.16152805414247154
1778685570.1777332,2.2037758596619543,-0.22209896431164441,2.2993487551542806,-0.27361068246121123,-0.16365648751203352,-0.1621276680122392
1778685570.2681866,2.2109138693843158,-0.24494771927135991,2.2993487551542806,-0.27361068246121123,-0.1546443355073327,-0.1621276680122392
1778685570.2681866,2.2109138693843158,-0.24494771927135991,2.3100304143998915,-0.2758360264257828,-0.1546443355073327,-0.1621276680122392
1778685570.2681866,2.2109138693843158,-0.24494771927135991,2.3100304143998915,-0.2758360264257828,-0.1546443355073327,-0.16092617889286176
1778685570.3611007,2.21755360192043,-0.2409768308296699,2.3100304143998915,-0.2758360264257828,-0.15765728783694533,-0.16092617889286176
1778685570.3611007,2.21755360192043,-0.2409768308296699,2.3211686573088066,-0.2776986978680931,-0.15765728783694533,-0.16092617889286176
1778685570.3611007,2.21755360192043,-0.2409768308296699,2.3211686573088066,-0.2776986978680931,-0.15765728783694533,-0.16094071154512246
1778685570.458932,2.2295608305247216,-0.24503731236033002,2.3211686573088066,-0.2776986978680931,-0.15683393132160242,-0.16094071154512246
1778685570.458932,2.2295608305247216,-0.24503731236033002,2.331638978807711,-0.2798509914608847,-0.15683393132160242,-0.16094071154512246
1778685570.458932,2.2295608305247216,-0.24503731236033002,2.331638978807711,-0.2798509914608847,-0.15683393132160242,-0.16037681143054172
1778685570.5391302,2.2397439076491614,-0.23852675303155865,2.331638978807711,-0.2798509914608847,-0.15821821711666892,-0.16037681143054172
1778685570.5391302,2.2397439076491614,-0.23852675303155865,2.34311379943763,-0.2819719562204224,-0.15821821711666892,-0.16037681143054172
1778685570.5391302,2.2397439076491614,-0.23852675303155865,2.34311379943763,-0.2819719562204224,-0.15821821711666892,-0.1606072480777101
1778685570.6432602,2.2465537917101486,-0.23844100043945196,2.34311379943763,-0.2819719562204224,-0.16013415795984595,-0.1606072480777101
1778685570.6432602,2.2465537917101486,-0.23844100043945196,2.354700812641216,-0.2841790187523693,-0.16013415795984595,-0.1606072480777101
1778685570.6432602,2.2465537917101486,-0.23844100043945196,2.354700812641216,-0.2841790187523693,-0.16013415795984595,-0.1622586729560087
1778685570.7742746,2.263887297983779,-0.25925061471044547,2.354700812641216,-0.2841790187523693,-0.15481472883372355,-0.1622586729560087
1778685570.7742746,2.263887297983779,-0.25925061471044547,2.366499163591508,-0.2864591316560962,-0.15481472883372355,-0.1622586729560087
1778685570.7742746,2.263887297983779,-0.25925061471044547,2.366499163591508,-0.2864591316560962,-0.15481472883372355,-0.16017471985998055
1778685570.8676872,2.2707442926472616,-0.2343644690294566,2.366499163591508,-0.2864591316560962,-0.1611133977320455,-0.16017471985998055
1778685570.8676872,2.2707442926472616,-0.2343644690294566,2.378780193006363,-0.2885748623836384,-0.1611133977320455,-0.16017471985998055
1778685570.8676872,2.2707442926472616,-0.2343644690294566,2.378780193006363,-0.2885748623836384,-0.1611133977320455,-0.16053065268622335
1778685570.9692347,2.2775341833737266,-0.24769444626884696,2.378780193006363,-0.2885748623836384,-0.15649351723343413,-0.16053065268622335
1778685570.9692347,2.2775341833737266,-0.24769444626884696,2.392031813382339,-0.29116803754374804,-0.15649351723343413,-0.16053065268622335
1778685570.9692347,2.2775341833737266,-0.24769444626884696,2.392031813382339,-0.29116803754374804,-0.15649351723343413,-0.15905388299991685
1778685571.0509632,2.284609219473232,-0.25667190461038925,2.392031813382339,-0.29116803754374804,-0.1547612606516213,-0.15905388299991685
1778685571.0509632,2.284609219473232,-0.25667190461038925,2.406360983261109,-0.29351854612389755,-0.1547612606516213,-0.15905388299991685
1778685571.0509632,2.284609219473232,-0.25667190461038925,2.406360983261109,-0.29351854612389755,-0.1547612606516213,-0.16026625750403145
1778685571.1454282,2.2942869320006407,-0.2514470303992401,2.406360983261109,-0.29351854612389755,-0.15824385401360913,-0.16026625750403145
1778685571.1454282,2.2942869320006407,-0.2514470303992401,2.421997321822003,-0.2966047924538421,-0.15824385401360913,-0.16026625750403145
1778685571.1454282,2.2942869320006407,-0.2514470303992401,2.421997321822003,-0.2966047924538421,-0.15824385401360913,-0.15862245633236238
1778685571.2377586,2.3125571955050668,-0.2432496678177962,2.421997321822003,-0.2966047924538421,-0.1596920852280139,-0.15862245633236238
1778685571.2377586,2.3125571955050668,-0.2432496678177962,2.4365639242487376,-0.29922664175184843,-0.1596920852280139,-0.15862245633236238
1778685571.2377586,2.3125571955050668,-0.2432496678177962,2.4365639242487376,-0.29922664175184843,-0.1596920852280139,-0.1614086938778674
1778685571.33111,2.320470767682122,-0.256790312665602,2.4365639242487376,-0.29922664175184843,-0.15621075602644127,-0.1614086938778674
1778685571.33111,2.320470767682122,-0.256790312665602,2.4508200437557277,-0.30178848807870406,-0.15621075602644127,-0.1614086938778674
1778685571.4316056,2.327122228778215,-0.26038380445056714,2.4508200437557277,-0.30178848807870406,-0.15669225429725567,-0.1614086938778674
1778685571.4316056,2.327122228778215,-0.26038380445056714,2.4508200437557277,-0.30178848807870406,-0.15669225429725567,-0.1592360576626053
1778685571.4316056,2.327122228778215,-0.26038380445056714,2.464084711532333,-0.30448080841185216,-0.15669225429725567,-0.1592360576626053
1778685571.4316056,2.327122228778215,-0.26038380445056714,2.464084711532333,-0.30448080841185216,-0.15669225429725567,-0.16212765128834802
1778685571.5396788,2.339671839366234,-0.2489141677469733,2.464084711532333,-0.30448080841185216,-0.15869949591984436,-0.16212765128834802
1778685571.6214252,2.3555667719585136,-0.26341165153846874,2.464084711532333,-0.30448080841185216,-0.15777716029753186,-0.16212765128834802
1778685571.6214252,2.3555667719585136,-0.26341165153846874,2.4780433955202077,-0.3070817969405955,-0.15777716029753186,-0.16212765128834802
1778685571.6214252,2.3555667719585136,-0.26341165153846874,2.4780433955202077,-0.3070817969405955,-0.15777716029753186,-0.15924637481282256
1778685571.715139,2.3687605851555045,-0.2700154756296531,2.4780433955202077,-0.3070817969405955,-0.15465211736920234,-0.15924637481282256
1778685571.715139,2.3687605851555045,-0.2700154756296531,2.491182823322516,-0.30958887432829596,-0.15465211736920234,-0.15924637481282256
1778685571.715139,2.3687605851555045,-0.2700154756296531,2.491182823322516,-0.30958887432829596,-0.15465211736920234,-0.16139052072858817
1778685571.816321,2.3956333384189987,-0.26009188366594965,2.491182823322516,-0.30958887432829596,-0.15879665684922983,-0.16139052072858817
1778685571.816321,2.3956333384189987,-0.26009188366594965,2.504123960778748,-0.3121220465172549,-0.15879665684922983,-0.16139052072858817
1778685571.816321,2.3956333384189987,-0.26009188366594965,2.504123960778748,-0.3121220465172549,-0.15879665684922983,-0.1592661087691356
1778685571.816321,2.3956333384189987,-0.26009188366594965,2.5159484065302986,-0.31460044976705864,-0.15879665684922983,-0.1592661087691356
1778685571.92463,2.4054277953775616,-0.2651943469516807,2.5159484065302986,-0.31460044976705864,-0.15512586419101831,-0.1592661087691356
1778685571.92463,2.4054277953775616,-0.2651943469516807,2.5159484065302986,-0.31460044976705864,-0.15512586419101831,-0.16039025559201248
1778685571.92463,2.4054277953775616,-0.2651943469516807,2.5283546759194504,-0.31690142344004846,-0.15512586419101831,-0.16039025559201248
1778685571.92463,2.4054277953775616,-0.2651943469516807,2.5283546759194504,-0.31690142344004846,-0.15512586419101831,-0.15913200483924062
1778685572.0378196,2.4158567913809943,-0.27464801139364975,2.5283546759194504,-0.31690142344004846,-0.15477959580079492,-0.15913200483924062
1778685572.0378196,2.4158567913809943,-0.27464801139364975,2.5397173039757015,-0.31893629042717686,-0.15477959580079492,-0.15913200483924062
1778685572.0378196,2.4158567913809943,-0.27464801139364975,2.5397173039757015,-0.31893629042717686,-0.15477959580079492,-0.1592664570391773
1778685572.131945,2.431834166793719,-0.2535352259715423,2.5397173039757015,-0.31893629042717686,-0.16093682737631373,-0.1592664570391773
1778685572.131945,2.431834166793719,-0.2535352259715423,2.551839185246367,-0.321375551475093,-0.16093682737631373,-0.1592664570391773
1778685572.131945,2.431834166793719,-0.2535352259715423,2.551839185246367,-0.321375551475093,-0.16093682737631373,-0.16079790052716714
1778685572.2553222,2.440447418578641,-0.26538537770053205,2.551839185246367,-0.321375551475093,-0.1575257564182482,-0.16079790052716714
1778685572.2553222,2.440447418578641,-0.26538537770053205,2.564081072459334,-0.32319384668351986,-0.1575257564182482,-0.16079790052716714
1778685572.2553222,2.440447418578641,-0.26538537770053205,2.564081072459334,-0.32319384668351986,-0.1575257564182482,-0.15881896784713279
1778685572.3423173,2.4554924735621415,-0.27500000647862816,2.564081072459334,-0.32319384668351986,-0.15529138689699876,-0.15881896784713279
1778685572.3423173,2.4554924735621415,-0.27500000647862816,2.5756811330635494,-0.3255000543885053,-0.15529138689699876,-0.15881896784713279
1778685572.3423173,2.4554924735621415,-0.27500000647862816,2.5756811330635494,-0.3255000543885053,-0.15529138689699876,-0.15769933793400925
1778685572.475348,2.456557823321802,-0.25831753976189,2.5756811330635494,-0.3255000543885053,-0.15958437259193636,-0.15769933793400925
1778685572.475348,2.456557823321802,-0.25831753976189,2.587863017305366,-0.32762883251667674,-0.15958437259193636,-0.15769933793400925
1778685572.475348,2.456557823321802,-0.25831753976189,2.587863017305366,-0.32762883251667674,-0.15958437259193636,-0.15808465597548516
1778685572.6072254,2.4799887623587313,-0.27826697190823346,2.587863017305366,-0.32762883251667674,-0.15550970162909536,-0.15808465597548516
1778685572.6072254,2.4799887623587313,-0.27826697190823346,2.6000579489478115,-0.3298567558178866,-0.15550970162909536,-0.15808465597548516
1778685572.6072254,2.4799887623587313,-0.27826697190823346,2.6000579489478115,-0.3298567558178866,-0.15550970162909536,-0.15920220730398826
1778685572.705432,2.49303626891091,-0.2747280723807163,2.6000579489478115,-0.3298567558178866,-0.15492886698875766,-0.15920220730398826
1778685572.705432,2.49303626891091,-0.2747280723807163,2.6132834745225293,-0.3322516406319192,-0.15492886698875766,-0.15920220730398826
1778685572.705432,2.49303626891091,-0.2747280723807163,2.6132834745225293,-0.3322516406319192,-0.15492886698875766,-0.15677842080697957
1778685572.8010194,2.5012876863633995,-0.2745745614220532,2.6132834745225293,-0.3322516406319192,-0.1551703698447965,-0.15677842080697957
1778685572.8010194,2.5012876863633995,-0.2745745614220532,2.6266551008408072,-0.33422384995253984,-0.1551703698447965,-0.15677842080697957
1778685572.8010194,2.5012876863633995,-0.2745745614220532,2.6266551008408072,-0.33422384995253984,-0.1551703698447965,-0.157792771191505
1778685572.9029868,2.519001504766387,-0.28537200265328416,2.6266551008408072,-0.33422384995253984,-0.15220991464174283,-0.157792771191505
1778685572.9029868,2.519001504766387,-0.28537200265328416,2.640342444110825,-0.3370622710292478,-0.15220991464174283,-0.157792771191505
1778685572.9029868,2.519001504766387,-0.28537200265328416,2.640342444110825,-0.3370622710292478,-0.15220991464174283,-0.15612986169020804
1778685572.9029868,2.519001504766387,-0.28537200265328416,2.652709571298089,-0.3390658091831225,-0.15220991464174283,-0.15612986169020804
1778685572.9029868,2.519001504766387,-0.28537200265328416,2.652709571298089,-0.3390658091831225,-0.15220991464174283,-0.15759623074638895
1778685573.0331597,2.5252884065378574,-0.286356805566156,2.652709571298089,-0.3390658091831225,-0.15208290151409043,-0.15759623074638895
1778685573.0331597,2.5252884065378574,-0.286356805566156,2.666383867167478,-0.34180508508679197,-0.15208290151409043,-0.15759623074638895
1778685573.1305668,2.5329336742351725,-0.27660250818658083,2.666383867167478,-0.34180508508679197,-0.1556235900250898,-0.15759623074638895
1778685573.2300837,2.55438666678272,-0.29212850073845653,2.666383867167478,-0.34180508508679197,-0.15117710458352543,-0.15759623074638895
1778685573.2300837,2.55438666678272,-0.29212850073845653,2.681023519965992,-0.34421559663809226,-0.15117710458352543,-0.15759623074638895
1778685573.2300837,2.55438666678272,-0.29212850073845653,2.69417599516893,-0.346821819198831,-0.15117710458352543,-0.15759623074638895
1778685573.3313198,2.5726796549474837,-0.2799323801200043,2.69417599516893,-0.346821819198831,-0.1536435665729589,-0.15759623074638895
1778685573.4256334,2.580732062182048,-0.27911248957607454,2.69417599516893,-0.346821819198831,-0.154991771093966,-0.15759623074638895
1778685573.4256334,2.580732062182048,-0.27911248957607454,2.7087295501950353,-0.349344523323799,-0.154991771093966,-0.15759623074638895
1778685573.4256334,2.580732062182048,-0.27911248957607454,2.7214723973051904,-0.35190379031401636,-0.154991771093966,-0.15759623074638895
1778685573.5697882,2.5949485940293373,-0.2918935036700734,2.7214723973051904,-0.35190379031401636,-0.15241525851732118,-0.15759623074638895
1778685573.5697882,2.5949485940293373,-0.2918935036700734,2.734697922879908,-0.35429867512804913,-0.15241525851732118,-0.15759623074638895
1778685573.6642964,2.610791165682165,-0.28629131702877325,2.734697922879908,-0.35429867512804913,-0.1564319451215139,-0.15759623074638895
1778685573.6642964,2.610791165682165,-0.28629131702877325,2.747652107736769,-0.35693099249004656,-0.1564319451215139,-0.15759623074638895
1778685573.7698069,2.6255572436101113,-0.27802889334529324,2.747652107736769,-0.35693099249004656,-0.1548676926974324,-0.15759623074638895
1778685573.7698069,2.6255572436101113,-0.27802889334529324,2.761848224272608,-0.3598033217366467,-0.1548676926974324,-0.15759623074638895
1778685573.8706467,2.6481635066462115,-0.29229000322896914,2.761848224272608,-0.3598033217366467,-0.1553070086194335,-0.15759623074638895
1778685573.8706467,2.6481635066462115,-0.29229000322896914,2.774802409129469,-0.36243563909864396,-0.1553070086194335,-0.15759623074638895
1778685573.9621606,2.6580871808065245,-0.28967226692682607,2.774802409129469,-0.36243563909864396,-0.15330782592344303,-0.15759623074638895
1778685573.9621606,2.6580871808065245,-0.28967226692682607,2.7888602382903818,-0.36502358022675824,-0.15330782592344303,-0.15759623074638895
1778685573.9621606,2.6580871808065245,-0.28967226692682607,2.7888602382903818,-0.36502358022675824,-0.15330782592344303,-0.15644743103271175
1778685573.9621606,2.6580871808065245,-0.28967226692682607,2.7888602382903818,-0.36502358022675824,-0.15330782592344303,-0.15610789483344512
1778685573.9621606,2.6580871808065245,-0.28967226692682607,2.7888602382903818,-0.36502358022675824,-0.15330782592344303,-0.15833941589418998
1778685573.9621606,2.6580871808065245,-0.28967226692682607,2.7888602382903818,-0.36502358022675824,-0.15330782592344303,-0.15622863794938002
1778685573.9621606,2.6580871808065245,-0.28967226692682607,2.7888602382903818,-0.36502358022675824,-0.15330782592344303,-0.15732272072339626
1778685573.9621606,2.6580871808065245,-0.28967226692682607,2.7888602382903818,-0.36502358022675824,-0.15330782592344303,-0.1573206241634697
1778685573.9621606,2.6580871808065245,-0.28967226692682607,2.7888602382903818,-0.36502358022675824,-0.15330782592344303,-0.15860736031872413
1778685573.9621606,2.6580871808065245,-0.28967226692682607,2.7888602382903818,-0.36502358022675824,-0.15330782592344303,-0.15808465597548516
1778685573.9621606,2.6580871808065245,-0.28967226692682607,2.802633679332809,-0.3677498087297985,-0.15330782592344303,-0.15808465597548516
1778685573.9621606,2.6580871808065245,-0.28967226692682607,2.802633679332809,-0.3677498087297985,-0.15330782592344303,-0.15886507427295182
1778685573.9621606,2.6580871808065245,-0.28967226692682607,2.802633679332809,-0.3677498087297985,-0.15330782592344303,-0.15879456312591422
1778685574.1350515,2.6765601017435507,-0.29472171729051405,2.802633679332809,-0.3677498087297985,-0.1550870744798568,-0.15879456312591422
1778685574.1350515,2.6765601017435507,-0.29472171729051405,2.8165532211187956,-0.3700533617394265,-0.1550870744798568,-0.15879456312591422
1778685574.1350515,2.6765601017435507,-0.29472171729051405,2.8165532211187956,-0.3700533617394265,-0.1550870744798568,-0.15745377876975564
1778685574.2339365,2.6815680568411135,-0.292868632492633,2.8165532211187956,-0.3700533617394265,-0.15718353728748408,-0.15745377876975564
1778685574.2339365,2.6815680568411135,-0.292868632492633,2.830003131840849,-0.37262044209827777,-0.15718353728748408,-0.15745377876975564
1778685574.2339365,2.6815680568411135,-0.292868632492633,2.830003131840849,-0.37262044209827777,-0.15718353728748408,-0.1563369299061943
1778685574.355814,2.709755841362817,-0.30349959170254026,2.830003131840849,-0.37262044209827777,-0.15510508551722363,-0.1563369299061943
1778685574.355814,2.709755841362817,-0.30349959170254026,2.844358396520877,-0.37516924102450416,-0.15510508551722363,-0.1563369299061943
1778685574.355814,2.709755841362817,-0.30349959170254026,2.844358396520877,-0.37516924102450416,-0.15510508551722363,-0.15823675031948792
1778685574.4538069,2.730960990529762,-0.30928508128188864,2.844358396520877,-0.37516924102450416,-0.15408537741132677,-0.15823675031948792
1778685574.4538069,2.730960990529762,-0.30928508128188864,2.8590502389219083,-0.37797633326795815,-0.15408537741132677,-0.15823675031948792
1778685574.4538069,2.730960990529762,-0.30928508128188864,2.8590502389219083,-0.37797633326795815,-0.15408537741132677,-0.15585707238198854
1778685574.5938413,2.7345064118570437,-0.3071011860510509,2.8590502389219083,-0.37797633326795815,-0.15563973171080706,-0.15585707238198854
1778685574.5938413,2.7345064118570437,-0.3071011860510509,2.873577699146755,-0.3803007470468492,-0.15563973171080706,-0.15585707238198854
1778685574.5938413,2.7345064118570437,-0.3071011860510509,2.873577699146755,-0.3803007470468492,-0.15563973171080706,-0.15673287126291147
1778685574.692409,2.7511477898081727,-0.3069265022371486,2.873577699146755,-0.3803007470468492,-0.15687994109148573,-0.15673287126291147
1778685574.692409,2.7511477898081727,-0.3069265022371486,2.888170396374748,-0.38312088669093236,-0.15687994109148573,-0.15673287126291147
1778685574.692409,2.7511477898081727,-0.3069265022371486,2.888170396374748,-0.38312088669093236,-0.15687994109148573,-0.15566836105111473
1778685574.8035572,2.771828539902476,-0.31324428179106156,2.888170396374748,-0.38312088669093236,-0.1532728740343524,-0.15566836105111473
1778685574.8035572,2.771828539902476,-0.31324428179106156,2.9025387084554057,-0.3857688307901972,-0.1532728740343524,-0.15566836105111473
1778685574.8035572,2.771828539902476,-0.31324428179106156,2.9025387084554057,-0.3857688307901972,-0.1532728740343524,-0.1572314416202545
1778685574.9108717,2.7742802590020568,-0.3056806953690872,2.9025387084554057,-0.3857688307901972,-0.158149362763385,-0.1572314416202545
1778685574.9108717,2.7742802590020568,-0.3056806953690872,2.9174027464012555,-0.3883515378863158,-0.158149362763385,-0.1572314416202545
1778685574.9108717,2.7742802590020568,-0.3056806953690872,2.9174027464012555,-0.3883515378863158,-0.158149362763385,-0.1548815220737478
1778685575.0072143,2.7904225671784517,-0.3126674601939915,2.9174027464012555,-0.3883515378863158,-0.155030612383304,-0.1548815220737478
1778685575.0072143,2.7904225671784517,-0.3126674601939915,2.931473622962798,-0.39103862418746843,-0.155030612383304,-0.1548815220737478
1778685575.0072143,2.7904225671784517,-0.3126674601939915,2.9464237586810564,-0.3935091387099193,-0.155030612383304,-0.1548815220737478
1778685575.1831822,2.817497246252219,-0.3110178936497067,2.9464237586810564,-0.3935091387099193,-0.15527433781866135,-0.1548815220737478
1778685575.1831822,2.817497246252219,-0.3110178936497067,2.9464237586810564,-0.3935091387099193,-0.15527433781866135,-0.1568365388234243
1778685575.1831822,2.817497246252219,-0.3110178936497067,2.9464237586810564,-0.3935091387099193,-0.15527433781866135,-0.15557754307318294
1778685575.1831822,2.817497246252219,-0.3110178936497067,2.9602232945247415,-0.39643365755903653,-0.15527433781866135,-0.15557754307318294
1778685575.2904053,2.8406146253870617,-0.30095863981866083,2.9602232945247415,-0.39643365755903653,-0.16014619169953592,-0.15557754307318294
1778685575.2904053,2.8406146253870617,-0.30095863981866083,2.975285622816668,-0.3989902698538967,-0.16014619169953592,-0.15557754307318294
1778685575.3916233,2.8498317738228254,-0.3144893527292442,2.975285622816668,-0.3989902698538967,-0.155563478486685,-0.15557754307318294
1778685575.3916233,2.8498317738228254,-0.3144893527292442,2.990141847393884,-0.40228004056191347,-0.155563478486685,-0.15557754307318294
1778685575.3916233,2.8498317738228254,-0.3144893527292442,2.990141847393884,-0.40228004056191347,-0.155563478486685,-0.15757629467865097
1778685575.499425,2.8755456613519805,-0.3221004343541813,2.990141847393884,-0.40228004056191347,-0.15456427344375115,-0.15757629467865097
1778685575.499425,2.8755456613519805,-0.3221004343541813,3.0042857743272062,-0.40475578911636,-0.15456427344375115,-0.15757629467865097
1778685575.499425,2.8755456613519805,-0.3221004343541813,3.0042857743272062,-0.40475578911636,-0.15456427344375115,-0.15718469566498605
1778685575.499425,2.8755456613519805,-0.3221004343541813,3.0187662789815315,-0.40748983098803393,-0.15456427344375115,-0.15718469566498605
1778685575.6520548,2.882062630110392,-0.3209126184134095,3.0187662789815315,-0.40748983098803393,-0.1563784240523352,-0.15718469566498605
1778685575.6520548,2.882062630110392,-0.3209126184134095,3.0187662789815315,-0.40748983098803393,-0.1563784240523352,-0.1578141177029595
1778685575.6520548,2.882062630110392,-0.3209126184134095,3.0326858207675187,-0.40979338399766196,-0.1563784240523352,-0.1578141177029595
1778685575.6520548,2.882062630110392,-0.3209126184134095,3.0326858207675187,-0.40979338399766196,-0.1563784240523352,-0.15569384341083659
1778685575.7642887,2.9075878459228037,-0.32173954615119027,3.0326858207675187,-0.40979338399766196,-0.15529276895429947,-0.15569384341083659
1778685575.7642887,2.9075878459228037,-0.32173954615119027,3.045428667877673,-0.41235265098787954,-0.15529276895429947,-0.15569384341083659
1778685575.8527133,2.921469942206247,-0.33804056854282266,3.045428667877673,-0.41235265098787954,-0.15434658018903402,-0.15569384341083659
1778685575.8527133,2.921469942206247,-0.33804056854282266,3.045428667877673,-0.41235265098787954,-0.15434658018903402,-0.1566122340900611
1778685575.8527133,2.921469942206247,-0.33804056854282266,3.058515906077465,-0.4144631476834262,-0.15434658018903402,-0.1566122340900611
1778685575.8527133,2.921469942206247,-0.33804056854282266,3.058515906077465,-0.4144631476834262,-0.15434658018903402,-0.15554372637537517
1778685575.962929,2.9359673421507124,-0.3319373348542555,3.058515906077465,-0.4144631476834262,-0.1547505782892966,-0.15554372637537517
1778685576.0503206,2.948841173680703,-0.3342332059609901,3.058515906077465,-0.4144631476834262,-0.15660533068737453,-0.15554372637537517
1778685576.0503206,2.948841173680703,-0.3342332059609901,3.0706247399475015,-0.4168032635583037,-0.15660533068737453,-0.15554372637537517
1778685576.0503206,2.948841173680703,-0.3342332059609901,3.0845573291341175,-0.4192059617409702,-0.15660533068737453,-0.15554372637537517
1778685576.185625,2.965614394179207,-0.3378357178208385,3.0845573291341175,-0.4192059617409702,-0.15370484641295998,-0.15554372637537517
1778685576.185625,2.965614394179207,-0.3378357178208385,3.0965800652317443,-0.42165827018951557,-0.15370484641295998,-0.15554372637537517
1778685576.2791133,2.985588885629459,-0.33555114953670334,3.0965800652317443,-0.42165827018951557,-0.15600177213503602,-0.15554372637537517
1778685576.2791133,2.985588885629459,-0.33555114953670334,3.112957375574429,-0.4242435566222725,-0.15600177213503602,-0.15554372637537517
1778685576.3870418,2.9962641755825627,-0.34842260685259435,3.112957375574429,-0.4242435566222725,-0.15260078201168373,-0.15554372637537517
1778685576.3870418,2.9962641755825627,-0.34842260685259435,3.1276492179754602,-0.4270506488657264,-0.15260078201168373,-0.15554372637537517
1778685576.4803674,2.9970485827967597,-0.33560723542205323,3.1276492179754602,-0.4270506488657264,-0.15627089677173253,-0.15554372637537517
1778685576.57865,3.0155881284891133,-0.35136161236396835,3.1276492179754602,-0.4270506488657264,-0.15060490698095683,-0.15554372637537517
1778685576.701863,3.0388836835075264,-0.3359341794190463,3.1276492179754602,-0.4270506488657264,-0.15464786055838345,-0.15554372637537517
1778685576.7848575,3.0417121214885654,-0.35081839638965595,3.1276492179754602,-0.4270506488657264,-0.15148812570287243,-0.15554372637537517
1778685576.9004352,3.066390485879833,-0.3455021254964334,3.1276492179754602,-0.4270506488657264,-0.15151413884486284,-0.15554372637537517
1778685576.9004352,3.066390485879833,-0.3455021254964334,3.1276492179754602,-0.4270506488657264,-0.15151413884486284,-0.15479301716275984
1778685576.9004352,3.066390485879833,-0.3455021254964334,3.1276492179754602,-0.4270506488657264,-0.15151413884486284,-0.15495791023744143
1778685576.9004352,3.066390485879833,-0.3455021254964334,3.1276492179754602,-0.4270506488657264,-0.15151413884486284,-0.15550554461021715
1778685576.9004352,3.066390485879833,-0.3455021254964334,3.1276492179754602,-0.4270506488657264,-0.15151413884486284,-0.15365204874099359
1778685576.9004352,3.066390485879833,-0.3455021254964334,3.1276492179754602,-0.4270506488657264,-0.15151413884486284,-0.15257877133848696
1778685576.9004352,3.066390485879833,-0.3455021254964334,3.1276492179754602,-0.4270506488657264,-0.15151413884486284,-0.15446208182410182
1778685576.9004352,3.066390485879833,-0.3455021254964334,3.1276492179754602,-0.4270506488657264,-0.15151413884486284,-0.15345502318501048
1778685576.9004352,3.066390485879833,-0.3455021254964334,3.1276492179754602,-0.4270506488657264,-0.15151413884486284,-0.15546054076319615
1778685576.9004352,3.066390485879833,-0.3455021254964334,3.1276492179754602,-0.4270506488657264,-0.15151413884486284,-0.15448632371766147
1778685576.9004352,3.066390485879833,-0.3455021254964334,3.1276492179754602,-0.4270506488657264,-0.15151413884486284,-0.1566006719216193
1778685577.0160882,3.0730127399460065,-0.3497943685240417,3.1276492179754602,-0.4270506488657264,-0.1544347970657129,-0.1566006719216193
1778685577.0160882,3.0730127399460065,-0.3497943685240417,3.1276492179754602,-0.4270506488657264,-0.1544347970657129,-0.15384368049855457
1778685577.0160882,3.0730127399460065,-0.3497943685240417,3.1425993536937193,-0.42952116338817736,-0.1544347970657129,-0.15384368049855457
1778685577.0160882,3.0730127399460065,-0.3497943685240417,3.1573172908960094,-0.43252654597770823,-0.1544347970657129,-0.15384368049855457
1778685577.0160882,3.0730127399460065,-0.3497943685240417,3.170728059416175,-0.43479619081744403,-0.1544347970657129,-0.15384368049855457
1778685577.0160882,3.0730127399460065,-0.3497943685240417,3.1860669624579536,-0.43792157934927617,-0.1544347970657129,-0.15384368049855457
1778685577.0160882,3.0730127399460065,-0.3497943685240417,3.2007196626570975,-0.44043123607361506,-0.1544347970657129,-0.15384368049855457
1778685577.0160882,3.0730127399460065,-0.3497943685240417,3.2161577108719146,-0.44354357720481796,-0.1544347970657129,-0.15384368049855457
1778685577.1311917,3.095633798208295,-0.34747655780161424,3.2161577108719146,-0.44354357720481796,-0.15320773843221666,-0.15384368049855457
1778685577.1311917,3.095633798208295,-0.34747655780161424,3.2305260229525716,-0.44619152130408274,-0.15320773843221666,-0.15384368049855457
1778685577.1311917,3.095633798208295,-0.34747655780161424,3.2305260229525716,-0.44619152130408274,-0.15320773843221666,-0.1565360696057576
1778685577.1311917,3.095633798208295,-0.34747655780161424,3.2305260229525716,-0.44619152130408274,-0.15320773843221666,-0.15462582206921605
1778685577.258739,3.113314967775321,-0.35473229193876005,3.2305260229525716,-0.44619152130408274,-0.15522154951220096,-0.15462582206921605
1778685577.3535843,3.1343007283685917,-0.34558186175566274,3.2305260229525716,-0.44619152130408274,-0.1584789221416652,-0.15462582206921605
1778685577.3535843,3.1343007283685917,-0.34558186175566274,3.2305260229525716,-0.44619152130408274,-0.1584789221416652,-0.15531588812348485
1778685577.457009,3.135489013848832,-0.35604299046684856,3.2305260229525716,-0.44619152130408274,-0.1557392250025367,-0.15531588812348485
1778685577.457009,3.135489013848832,-0.35604299046684856,3.2305260229525716,-0.44619152130408274,-0.1557392250025367,-0.15502872466609527
1778685577.552834,3.1503892785239573,-0.36104035312956695,3.2305260229525716,-0.44619152130408274,-0.15691943937918432,-0.15502872466609527
1778685577.552834,3.1503892785239573,-0.36104035312956695,3.2305260229525716,-0.44619152130408274,-0.15691943937918432,-0.15469376613254626
1778685577.6721375,3.163581059743258,-0.34897815424485734,3.2305260229525716,-0.44619152130408274,-0.15912878873309846,-0.15469376613254626
1778685577.768946,3.1964165509315117,-0.35049595416072316,3.2305260229525716,-0.44619152130408274,-0.16090952123731223,-0.15469376613254626
1778685577.872723,3.2030615254960986,-0.3625721572714378,3.2305260229525716,-0.44619152130408274,-0.15714516785468274,-0.15469376613254626
1778685577.9719236,3.2207928179397105,-0.3505083952273174,3.2305260229525716,-0.44619152130408274,-0.16235436574632126,-0.15469376613254626
1778685578.0619442,3.2426289753503914,-0.36004699658818634,3.2305260229525716,-0.44619152130408274,-0.15855869808362352,-0.15469376613254626
1778685578.0619442,3.2426289753503914,-0.36004699658818634,3.2305260229525716,-0.44619152130408274,-0.15855869808362352,-0.15219825829174427
1778685578.0619442,3.2426289753503914,-0.36004699658818634,3.2305260229525716,-0.44619152130408274,-0.15855869808362352,-0.15322618550602396
1778685578.0619442,3.2426289753503914,-0.36004699658818634,3.2305260229525716,-0.44619152130408274,-0.15855869808362352,-0.15138111537420862
1778685578.0619442,3.2426289753503914,-0.36004699658818634,3.2305260229525716,-0.44619152130408274,-0.15855869808362352,-0.15298309562652612
1778685578.0619442,3.2426289753503914,-0.36004699658818634,3.2458518785937214,-0.4492177646628766,-0.15855869808362352,-0.15298309562652612
1778685578.0619442,3.2426289753503914,-0.36004699658818634,3.277072366112993,-0.454993676630612,-0.15855869808362352,-0.15298309562652612
1778685578.0619442,3.2426289753503914,-0.36004699658818634,3.277072366112993,-0.454993676630612,-0.15855869808362352,-0.15097257445806012
1778685578.0619442,3.2426289753503914,-0.36004699658818634,3.291320672251349,-0.4582625865693659,-0.15855869808362352,-0.15097257445806012
1778685578.0619442,3.2426289753503914,-0.36004699658818634,3.3073014019018796,-0.4609000626046397,-0.15855869808362352,-0.15097257445806012
1778685578.0619442,3.2426289753503914,-0.36004699658818634,3.321894099129872,-0.46372020224872296,-0.15855869808362352,-0.15097257445806012
1778685578.0619442,3.2426289753503914,-0.36004699658818634,3.3375643458606588,-0.4662976753128461,-0.15855869808362352,-0.15097257445806012
1778685578.0619442,3.2426289753503914,-0.36004699658818634,3.3525797185820636,-0.4692639157004892,-0.15855869808362352,-0.15097257445806012
1778685578.0619442,3.2426289753503914,-0.36004699658818634,3.366710598114757,-0.4716405190818972,-0.15855869808362352,-0.15097257445806012
1778685578.0619442,3.2426289753503914,-0.36004699658818634,3.381799021207942,-0.4743954217228342,-0.15855869808362352,-0.15097257445806012
1778685578.0619442,3.2426289753503914,-0.36004699658818634,3.3961673332885995,-0.47704336582209905,-0.15855869808362352,-0.15097257445806012
1778685578.0619442,3.2426289753503914,-0.36004699658818634,3.3961673332885995,-0.47704336582209905,-0.15855869808362352,-0.15224415336094976
1778685578.230332,3.258389147746918,-0.3497092297584953,3.3961673332885995,-0.47704336582209905,-0.16023606918958955,-0.15224415336094976
1778685578.230332,3.258389147746918,-0.3497092297584953,3.411143563808117,-0.4797121706906268,-0.16023606918958955,-0.15224415336094976
1778685578.230332,3.258389147746918,-0.3497092297584953,3.411143563808117,-0.4797121706906268,-0.16023606918958955,-0.15017759392399244
1778685578.367859,3.277387235207091,-0.3415801605714023,3.411143563808117,-0.4797121706906268,-0.16233896953084145,-0.15017759392399244
1778685578.367859,3.277387235207091,-0.3415801605714023,3.4252013929690297,-0.482300111818741,-0.16233896953084145,-0.15017759392399244
1778685578.367859,3.277387235207091,-0.3415801605714023,3.4252013929690297,-0.482300111818741,-0.16233896953084145,-0.15190886496645062
1778685578.4864185,3.297711554394706,-0.35886996608671995,3.4252013929690297,-0.482300111818741,-0.1603217255187155,-0.15190886496645062
1778685578.4864185,3.297711554394706,-0.35886996608671995,3.439927143539953,-0.48459843079637366,-0.1603217255187155,-0.15190886496645062
1778685578.4864185,3.297711554394706,-0.35886996608671995,3.439927143539953,-0.48459843079637366,-0.1603217255187155,-0.150103851987347
1778685578.4864185,3.297711554394706,-0.35886996608671995,3.454063257104642,-0.4877812429627183,-0.1603217255187155,-0.150103851987347
1778685578.6239135,3.309996704007418,-0.3824908169129043,3.454063257104642,-0.4877812429627183,-0.1520617624104481,-0.150103851987347
1778685578.6239135,3.309996704007418,-0.3824908169129043,3.454063257104642,-0.4877812429627183,-0.1520617624104481,-0.15103757788039293
1778685578.6239135,3.309996704007418,-0.3824908169129043,3.4686768151018974,-0.48999346416794165,-0.1520617624104481,-0.15103757788039293
1778685578.6239135,3.309996704007418,-0.3824908169129043,3.4686768151018974,-0.48999346416794165,-0.1520617624104481,-0.1511932094998949
1778685578.7592146,3.3376865890742877,-0.3536266402512516,3.4686768151018974,-0.48999346416794165,-0.16018084328324902,-0.1511932094998949
1778685578.7592146,3.3376865890742877,-0.3536266402512516,3.4827868338653274,-0.49297798598820963,-0.16018084328324902,-0.1511932094998949
1778685578.7592146,3.3376865890742877,-0.3536266402512516,3.4827868338653274,-0.49297798598820963,-0.16018084328324902,-0.15115671776902584
1778685578.8931336,3.350887756799167,-0.3710919409835306,3.4827868338653274,-0.49297798598820963,-0.15844001129775095,-0.15115671776902584
1778685578.8931336,3.350887756799167,-0.3710919409835306,3.497439534064471,-0.4954876427125482,-0.15844001129775095,-0.15115671776902584
1778685578.8931336,3.350887756799167,-0.3710919409835306,3.497439534064471,-0.4954876427125482,-0.15844001129775095,-0.15188423865869005
1778685578.8931336,3.350887756799167,-0.3710919409835306,3.5120191838918347,-0.4982086371835931,-0.15844001129775095,-0.15188423865869005
1778685579.0175767,3.373583374536885,-0.3606768203396455,3.5120191838918347,-0.4982086371835931,-0.15968171376185333,-0.15188423865869005
1778685579.0175767,3.373583374536885,-0.3606768203396455,3.5120191838918347,-0.4982086371835931,-0.15968171376185333,-0.1499636407325342
1778685579.0175767,3.373583374536885,-0.3606768203396455,3.5264866411455302,-0.5008435338822287,-0.15968171376185333,-0.1499636407325342
1778685579.0175767,3.373583374536885,-0.3606768203396455,3.5264866411455302,-0.5008435338822287,-0.15968171376185333,-0.15136795047123286
1778685579.1386046,3.384359395131308,-0.3868734307460604,3.5264866411455302,-0.5008435338822287,-0.15364227975661746,-0.15136795047123286
1778685579.1386046,3.384359395131308,-0.3868734307460604,3.5407558080531496,-0.5035045253821226,-0.15364227975661746,-0.15136795047123286
1778685579.1386046,3.384359395131308,-0.3868734307460604,3.5407558080531496,-0.5035045253821226,-0.15364227975661746,-0.15034822058030925
1778685579.280612,3.406091328120836,-0.38876670229564114,3.5407558080531496,-0.5035045253821226,-0.15581674050620778,-0.15034822058030925
1778685579.280612,3.406091328120836,-0.38876670229564114,3.555098025332548,-0.5059541791353107,-0.15581674050620778,-0.15034822058030925
1778685579.280612,3.406091328120836,-0.38876670229564114,3.555098025332548,-0.5059541791353107,-0.15581674050620778,-0.15026947197553134
1778685579.410527,3.418723284862037,-0.3923204273338637,3.555098025332548,-0.5059541791353107,-0.15455455764367265,-0.15026947197553134
1778685579.410527,3.418723284862037,-0.3923204273338637,3.569393287041426,-0.5088134609812817,-0.15455455764367265,-0.15026947197553134
1778685579.410527,3.418723284862037,-0.3923204273338637,3.569393287041426,-0.5088134609812817,-0.15455455764367265,-0.14936916413645118
1778685579.410527,3.418723284862037,-0.3923204273338637,3.584891338227394,-0.5116153191927401,-0.15455455764367265,-0.14936916413645118
1778685579.410527,3.418723284862037,-0.3923204273338637,3.584891338227394,-0.5116153191927401,-0.15455455764367265,-0.1501763360154591
1778685579.534949,3.438867010046291,-0.3865256344835335,3.584891338227394,-0.5116153191927401,-0.15613524639065104,-0.1501763360154591
1778685579.534949,3.438867010046291,-0.3865256344835335,3.5995962280290543,-0.5145215566092325,-0.15613524639065104,-0.1501763360154591
1778685579.534949,3.438867010046291,-0.3865256344835335,3.5995962280290543,-0.5145215566092325,-0.15613524639065104,-0.14827431034094918
1778685579.650819,3.459934869909163,-0.3873709517341953,3.5995962280290543,-0.5145215566092325,-0.15660764124185428,-0.14827431034094918
1778685579.650819,3.459934869909163,-0.3873709517341953,3.6137010127604894,-0.5166998696445637,-0.15660764124185428,-0.14827431034094918
1778685579.650819,3.459934869909163,-0.3873709517341953,3.6137010127604894,-0.5166998696445637,-0.15660764124185428,-0.1481585623471373
1778685579.650819,3.459934869909163,-0.3873709517341953,3.627038730908875,-0.5191808522310056,-0.15660764124185428,-0.1481585623471373
1778685579.8156693,3.478712094047228,-0.42026556904863704,3.627038730908875,-0.5191808522310056,-0.14774361673337008,-0.1481585623471373
1778685579.8156693,3.478712094047228,-0.42026556904863704,3.627038730908875,-0.5191808522310056,-0.14774361673337008,-0.14677682171532602
1778685579.8156693,3.478712094047228,-0.42026556904863704,3.641281803015235,-0.5216435533848228,-0.14774361673337008,-0.14677682171532602
1778685579.8156693,3.478712094047228,-0.42026556904863704,3.641281803015235,-0.5216435533848228,-0.14774361673337008,-0.14903701596637745
1778685579.9274478,3.489791698843165,-0.4226914196478156,3.641281803015235,-0.5216435533848228,-0.14703421957717047,-0.14903701596637745
1778685579.9274478,3.489791698843165,-0.4226914196478156,3.641281803015235,-0.5216435533848228,-0.14703421957717047,-0.14673320091828312
1778685580.0430152,3.5109326759389456,-0.4038317103080108,3.641281803015235,-0.5216435533848228,-0.1530575951871497,-0.14673320091828312
1778685580.0430152,3.5109326759389456,-0.4038317103080108,3.641281803015235,-0.5216435533848228,-0.1530575951871497,-0.14854879251231212
1778685580.0430152,3.5109326759389456,-0.4038317103080108,3.656469371281459,-0.5243854086251304,-0.1530575951871497,-0.14854879251231212
1778685580.0430152,3.5109326759389456,-0.4038317103080108,3.6703419574969236,-0.5270985897275416,-0.1530575951871497,-0.14854879251231212
1778685580.1577816,3.518635584450607,-0.4237459398473359,3.6703419574969236,-0.5270985897275416,-0.147440944535546,-0.14854879251231212
1778685580.1577816,3.518635584450607,-0.4237459398473359,3.685503430961889,-0.5296421546217728,-0.147440944535546,-0.14854879251231212
1778685580.1577816,3.518635584450607,-0.4237459398473359,3.685503430961889,-0.5296421546217728,-0.147440944535546,-0.14782551782444522
1778685580.2970653,3.5408657839556548,-0.4254205751869885,3.685503430961889,-0.5296421546217728,-0.14726164987926738,-0.14782551782444522
1778685580.2970653,3.5408657839556548,-0.4254205751869885,3.6982854202739315,-0.5324988571311056,-0.14726164987926738,-0.14782551782444522
1778685580.2970653,3.5408657839556548,-0.4254205751869885,3.6982854202739315,-0.5324988571311056,-0.14726164987926738,-0.1485990082678845
1778685580.2970653,3.5408657839556548,-0.4254205751869885,3.7111013177558663,-0.5348467863746166,-0.14726164987926738,-0.1485990082678845
1778685580.4146512,3.55764601416191,-0.43962134745806075,3.7111013177558663,-0.5348467863746166,-0.14667843597347965,-0.1485990082678845
1778685580.4146512,3.55764601416191,-0.43962134745806075,3.7111013177558663,-0.5348467863746166,-0.14667843597347965,-0.14742131263064098
1778685580.4146512,3.55764601416191,-0.43962134745806075,3.722463945812117,-0.5368816533617452,-0.14667843597347965,-0.14742131263064098
1778685580.4146512,3.55764601416191,-0.43962134745806075,3.722463945812117,-0.5368816533617452,-0.14667843597347965,-0.1490291608896097
1778685580.5526748,3.572609728828022,-0.42808336248144,3.722463945812117,-0.5368816533617452,-0.1472151156216181,-0.1490291608896097
1778685580.5526748,3.572609728828022,-0.42808336248144,3.734585827082783,-0.539320914409661,-0.1472151156216181,-0.1490291608896097
1778685580.5526748,3.572609728828022,-0.42808336248144,3.734585827082783,-0.539320914409661,-0.1472151156216181,-0.1462283100194468
1778685580.6550708,3.5952621441567434,-0.4220220876447463,3.734585827082783,-0.539320914409661,-0.14984930269923505,-0.1462283100194468
1778685580.6550708,3.5952621441567434,-0.4220220876447463,3.748095740775987,-0.5415775118487677,-0.14984930269923505,-0.1462283100194468
1778685580.6550708,3.5952621441567434,-0.4220220876447463,3.748095740775987,-0.5415775118487677,-0.14984930269923505,-0.1486291578042822
1778685580.7938206,3.6123723156197607,-0.43446109338429406,3.748095740775987,-0.5415775118487677,-0.1489661877484961,-0.1486291578042822
1778685580.7938206,3.6123723156197607,-0.43446109338429406,3.7606402975400646,-0.5441628736402434,-0.1489661877484961,-0.1486291578042822
1778685580.7938206,3.6123723156197607,-0.43446109338429406,3.7606402975400646,-0.5441628736402434,-0.1489661877484961,-0.14657404431738819
1778685580.7938206,3.6123723156197607,-0.43446109338429406,3.7745989815279395,-0.5467638621689869,-0.1489661877484961,-0.14657404431738819
1778685580.7938206,3.6123723156197607,-0.43446109338429406,3.7745989815279395,-0.5467638621689869,-0.1489661877484961,-0.14821497431565334
1778685580.9370556,3.6273077224986072,-0.4460064908678074,3.7745989815279395,-0.5467638621689869,-0.14468837236233864,-0.14821497431565334
1778685580.9370556,3.6273077224986072,-0.4460064908678074,3.7892047261565613,-0.5496831469861084,-0.14468837236233864,-0.14821497431565334
1778685580.9370556,3.6273077224986072,-0.4460064908678074,3.7892047261565613,-0.5496831469861084,-0.14468837236233864,-0.14782294404775964
1778685581.0806198,3.6422556003752895,-0.4469857403935249,3.7892047261565613,-0.5496831469861084,-0.14467622795295426,-0.14782294404775964
1778685581.0806198,3.6422556003752895,-0.4469857403935249,3.8041679092754492,-0.5522528066815979,-0.14467622795295426,-0.14782294404775964
1778685581.0806198,3.6422556003752895,-0.4469857403935249,3.8041679092754492,-0.5522528066815979,-0.14467622795295426,-0.14858454859585812
1778685581.1872919,3.655469850751187,-0.45563688846675743,3.8041679092754492,-0.5522528066815979,-0.14592130325425218,-0.14858454859585812
1778685581.1872919,3.655469850751187,-0.45563688846675743,3.8191832819968545,-0.555219047069241,-0.14592130325425218,-0.14858454859585812
1778685581.1872919,3.655469850751187,-0.45563688846675743,3.8191832819968545,-0.555219047069241,-0.14592130325425218,-0.1470743429522985
1778685581.3013651,3.670820528492293,-0.4372465977425535,3.8191832819968545,-0.555219047069241,-0.1500428901238805,-0.1470743429522985
1778685581.3013651,3.670820528492293,-0.4372465977425535,3.834112556945851,-0.5582974800305521,-0.1500428901238805,-0.1470743429522985
1778685581.3013651,3.670820528492293,-0.4372465977425535,3.834112556945851,-0.5582974800305521,-0.1500428901238805,-0.14891280242921479
1778685581.3013651,3.670820528492293,-0.4372465977425535,3.849558418529301,-0.5607027575498564,-0.1500428901238805,-0.14891280242921479
1778685581.3013651,3.670820528492293,-0.4372465977425535,3.849558418529301,-0.5607027575498564,-0.1500428901238805,-0.14703750705010998
1778685581.4330468,3.6926517014535207,-0.4596057018334517,3.849558418529301,-0.5607027575498564,-0.14714184124037794,-0.14703750705010998
1778685581.4330468,3.6926517014535207,-0.4596057018334517,3.8641902579591823,-0.5638203327130552,-0.14714184124037794,-0.14703750705010998
1778685581.560537,3.7185832097199567,-0.45861805424673585,3.8641902579591823,-0.5638203327130552,-0.1464690730484103,-0.14703750705010998
1778685581.560537,3.7185832097199567,-0.45861805424673585,3.8798213624880806,-0.5661003702580631,-0.1464690730484103,-0.14703750705010998
1778685581.560537,3.7185832097199567,-0.45861805424673585,3.8798213624880806,-0.5661003702580631,-0.1464690730484103,-0.14758369704562746
1778685581.6734264,3.7292750765604517,-0.4582323667020753,3.8798213624880806,-0.5661003702580631,-0.14596140034284996,-0.14758369704562746
1778685581.6734264,3.7292750765604517,-0.4582323667020753,3.8944662493185906,-0.5693170905943,-0.14596140034284996,-0.14758369704562746
1778685581.6734264,3.7292750765604517,-0.4582323667020753,3.8944662493185906,-0.5693170905943,-0.14596140034284996,-0.14782583645496938
1778685581.6734264,3.7292750765604517,-0.4582323667020753,3.9093772428349616,-0.5714901695976357,-0.14596140034284996,-0.14782583645496938
1778685581.8154573,3.7533091233869333,-0.4514703661737663,3.9093772428349616,-0.5714901695976357,-0.15107899333670982,-0.14782583645496938
1778685581.8154573,3.7533091233869333,-0.4514703661737663,3.9093772428349616,-0.5714901695976357,-0.15107899333670982,-0.1478089168963308
1778685581.8154573,3.7533091233869333,-0.4514703661737663,3.9234872615983916,-0.5744746914179035,-0.15107899333670982,-0.1478089168963308
1778685581.8154573,3.7533091233869333,-0.4514703661737663,3.9234872615983916,-0.5744746914179035,-0.15107899333670982,-0.1482896827267126
1778685581.9332302,3.7633692793943863,-0.49278847168237444,3.9234872615983916,-0.5744746914179035,-0.13694529046716347,-0.1482896827267126
1778685581.9332302,3.7633692793943863,-0.49278847168237444,3.938635687662727,-0.5769191111390958,-0.13694529046716347,-0.1482896827267126
1778685581.9332302,3.7633692793943863,-0.49278847168237444,3.938635687662727,-0.5769191111390958,-0.13694529046716347,-0.14781550279870892
1778685582.0677805,3.7890780802591326,-0.47385268454401797,3.938635687662727,-0.5769191111390958,-0.14440688726062323,-0.14781550279870892
1778685582.0677805,3.7890780802591326,-0.47385268454401797,3.952732659025528,-0.5798044877863253,-0.14440688726062323,-0.14781550279870892
1778685582.0677805,3.7890780802591326,-0.47385268454401797,3.952732659025528,-0.5798044877863253,-0.14440688726062323,-0.1478177615514129
1778685582.2053928,3.808624791275987,-0.4733144427942676,3.952732659025528,-0.5798044877863253,-0.14601623355896262,-0.1478177615514129
1778685582.2053928,3.808624791275987,-0.4733144427942676,3.9678080347180837,-0.5824602452542239,-0.14601623355896262,-0.1478177615514129
1778685582.2053928,3.808624791275987,-0.4733144427942676,3.9678080347180837,-0.5824602452542239,-0.14601623355896262,-0.148562995236599
1778685582.2053928,3.808624791275987,-0.4733144427942676,3.9825859748915238,-0.5851551449240103,-0.14601623355896262,-0.148562995236599
1778685582.2053928,3.808624791275987,-0.4733144427942676,3.9825859748915238,-0.5851551449240103,-0.14601623355896262,-0.14829955093661162
1778685582.3622391,3.829095565076411,-0.4699226053257818,3.9825859748915238,-0.5851551449240103,-0.1491861010640327,-0.14829955093661162
1778685582.3622391,3.829095565076411,-0.4699226053257818,3.9971917195201465,-0.588074429741132,-0.1491861010640327,-0.14829955093661162
1778685582.3622391,3.829095565076411,-0.4699226053257818,3.9971917195201465,-0.588074429741132,-0.1491861010640327,-0.14805943377227093
1778685582.3622391,3.829095565076411,-0.4699226053257818,4.012590625533075,-0.5908893353532196,-0.1491861010640327,-0.14805943377227093
1778685582.5214968,3.854232115182666,-0.49229441481139746,4.012590625533075,-0.5908893353532196,-0.14261531003638372,-0.14805943377227093
1778685582.5214968,3.854232115182666,-0.49229441481139746,4.012590625533075,-0.5908893353532196,-0.14261531003638372,-0.14808636434342046
1778685582.5214968,3.854232115182666,-0.49229441481139746,4.027407707908404,-0.5938816705421213,-0.14261531003638372,-0.14808636434342046
1778685582.5214968,3.854232115182666,-0.49229441481139746,4.027407707908404,-0.5938816705421213,-0.14261531003638372,-0.14892492805214186
1778685582.656504,3.8738175150517566,-0.4881572079044236,4.027407707908404,-0.5938816705421213,-0.14315128334222757,-0.14892492805214186
1778685582.656504,3.8738175150517566,-0.4881572079044236,4.042767471719446,-0.5963991406350937,-0.14315128334222757,-0.14892492805214186
1778685582.656504,3.8738175150517566,-0.4881572079044236,4.042767471719446,-0.5963991406350937,-0.14315128334222757,-0.14828551119948763
1778685582.7673292,3.890637551449064,-0.49333898372472296,4.042767471719446,-0.5963991406350937,-0.14304367249463892,-0.14828551119948763
1778685582.7673292,3.890637551449064,-0.49333898372472296,4.058106374761224,-0.5995245291669259,-0.14304367249463892,-0.14828551119948763
1778685582.7673292,3.890637551449064,-0.49333898372472296,4.058106374761224,-0.5995245291669259,-0.14304367249463892,-0.1461493802348199
1778685582.9128506,3.906966003229263,-0.48946077915613,4.058106374761224,-0.5995245291669259,-0.14577914156013144,-0.1461493802348199
1778685582.9128506,3.906966003229263,-0.48946077915613,4.074721117651874,-0.6023811563175396,-0.14577914156013144,-0.1461493802348199
1778685582.9128506,3.906966003229263,-0.48946077915613,4.074721117651874,-0.6023811563175396,-0.14577914156013144,-0.14682420203928093
1778685582.9128506,3.906966003229263,-0.48946077915613,4.090542699158215,-0.6053421626731871,-0.14577914156013144,-0.14682420203928093
1778685582.9128506,3.906966003229263,-0.48946077915613,4.090542699158215,-0.6053421626731871,-0.14577914156013144,-0.14619741403899367
1778685583.0411968,3.926747104811261,-0.47569740329034654,4.090542699158215,-0.6053421626731871,-0.15075793311283844,-0.14619741403899367
1778685583.0411968,3.926747104811261,-0.47569740329034654,4.1063642806645575,-0.6083031690288347,-0.15075793311283844,-0.14619741403899367
1778685583.0411968,3.926747104811261,-0.47569740329034654,4.1063642806645575,-0.6083031690288347,-0.15075793311283844,-0.1485853460886903
1778685583.176148,3.949800051110568,-0.4893255852751165,4.1063642806645575,-0.6083031690288347,-0.14548787341990665,-0.1485853460886903
1778685583.176148,3.949800051110568,-0.4893255852751165,4.121875379251154,-0.6112041724133317,-0.14548787341990665,-0.1485853460886903
1778685583.176148,3.949800051110568,-0.4893255852751165,4.121875379251154,-0.6112041724133317,-0.14548787341990665,-0.14675060587390476
1778685583.3095722,3.9706363196363816,-0.48681953475687484,4.121875379251154,-0.6112041724133317,-0.1467652307559184,-0.14675060587390476
1778685583.3095722,3.9706363196363816,-0.48681953475687484,4.136256738732441,-0.6139512616856349,-0.1467652307559184,-0.14675060587390476
1778685583.3095722,3.9706363196363816,-0.48681953475687484,4.136256738732441,-0.6139512616856349,-0.1467652307559184,-0.14753226026259103
1778685583.3095722,3.9706363196363816,-0.48681953475687484,4.151840887690818,-0.6166409273234259,-0.1467652307559184,-0.14753226026259103
1778685583.3095722,3.9706363196363816,-0.48681953475687484,4.151840887690818,-0.6166409273234259,-0.1467652307559184,-0.1452063951940441
1778685583.4606564,3.993606849151762,-0.49573215161806583,4.151840887690818,-0.6166409273234259,-0.14807416866320597,-0.1452063951940441
1778685583.558439,4.019201215133388,-0.5018155686136774,4.151840887690818,-0.6166409273234259,-0.14336148665327175,-0.1452063951940441
1778685583.558439,4.019201215133388,-0.5018155686136774,4.166433584918811,-0.619461066967509,-0.14336148665327175,-0.1452063951940441
1778685583.558439,4.019201215133388,-0.5018155686136774,4.166433584918811,-0.619461066967509,-0.14336148665327175,-0.14741009304279906
1778685583.558439,4.019201215133388,-0.5018155686136774,4.181905541303521,-0.6220646348328904,-0.14336148665327175,-0.14741009304279906
1778685583.558439,4.019201215133388,-0.5018155686136774,4.181905541303521,-0.6220646348328904,-0.14336148665327175,-0.14717621920278032
1778685583.6933322,4.031997618064659,-0.4964869685966482,4.181905541303521,-0.6220646348328904,-0.14618955750354914,-0.14717621920278032
1778685583.6933322,4.031997618064659,-0.4964869685966482,4.212570299986449,-0.6282162667235167,-0.14618955750354914,-0.14717621920278032
1778685583.6933322,4.031997618064659,-0.4964869685966482,4.212570299986449,-0.6282162667235167,-0.14618955750354914,-0.1484429343419196
1778685583.8440971,4.056145402963288,-0.4844220232139746,4.212570299986449,-0.6282162667235167,-0.1530369398495245,-0.1484429343419196
1778685583.8440971,4.056145402963288,-0.4844220232139746,4.226925564666478,-0.630765065649743,-0.1530369398495245,-0.1484429343419196
1778685583.8440971,4.056145402963288,-0.4844220232139746,4.226925564666478,-0.630765065649743,-0.1530369398495245,-0.146799376628846
1778685583.9893057,4.0767971150893905,-0.49730659458861803,4.226925564666478,-0.630765065649743,-0.15118422754861285,-0.146799376628846
1778685583.9893057,4.0767971150893905,-0.49730659458861803,4.241531309295099,-0.6336843504668647,-0.15118422754861285,-0.146799376628846
1778685583.9893057,4.0767971150893905,-0.49730659458861803,4.241531309295099,-0.6336843504668647,-0.15118422754861285,-0.1482325080962621
1778685584.1030672,4.101820122845384,-0.5126069883383996,4.241531309295099,-0.6336843504668647,-0.14404361921261918,-0.1482325080962621
1778685584.1030672,4.101820122845384,-0.5126069883383996,4.257115458253476,-0.6363740161046555,-0.14404361921261918,-0.1482325080962621
1778685584.1030672,4.101820122845384,-0.5126069883383996,4.257115458253476,-0.6363740161046555,-0.14404361921261918,-0.14559713055191814
1778685584.1030672,4.101820122845384,-0.5126069883383996,4.27170815548147,-0.6391941557487387,-0.14404361921261918,-0.14559713055191814
1778685584.229032,4.12395711583947,-0.5115484103350116,4.27170815548147,-0.6391941557487387,-0.1454354627368704,-0.14559713055191814
1778685584.229032,4.12395711583947,-0.5115484103350116,4.27170815548147,-0.6391941557487387,-0.1454354627368704,-0.14877132749996846
1778685584.229032,4.12395711583947,-0.5115484103350116,4.286968774119473,-0.6417246732423403,-0.1454354627368704,-0.14877132749996846
1778685584.229032,4.12395711583947,-0.5115484103350116,4.286968774119473,-0.6417246732423403,-0.1454354627368704,-0.14559751693145762
1778685584.3599453,4.141687729349918,-0.5050726259937564,4.286968774119473,-0.6417246732423403,-0.14977642209633346,-0.14559751693145762
1778685584.3599453,4.141687729349918,-0.5050726259937564,4.30354960884023,-0.6450900736587754,-0.14977642209633346,-0.14559751693145762
1778685584.3599453,4.141687729349918,-0.5050726259937564,4.30354960884023,-0.6450900736587754,-0.14977642209633346,-0.14747270483374164
1778685584.4956965,4.156077472251989,-0.5228164240822685,4.30354960884023,-0.6450900736587754,-0.14765745081767756,-0.14747270483374164
1778685584.4956965,4.156077472251989,-0.5228164240822685,4.317568295799255,-0.6473805792677741,-0.14765745081767756,-0.14747270483374164
1778685584.4956965,4.156077472251989,-0.5228164240822685,4.317568295799255,-0.6473805792677741,-0.14765745081767756,-0.14572637368954666
1778685584.4956965,4.156077472251989,-0.5228164240822685,4.3324453811457335,-0.6500624315369314,-0.14765745081767756,-0.14572637368954666
1778685584.624015,4.178836497629294,-0.5186262851483106,4.3324453811457335,-0.6500624315369314,-0.14732323412102305,-0.14572637368954666
1778685584.624015,4.178836497629294,-0.5186262851483106,4.349344512154869,-0.6527807713126187,-0.14732323412102305,-0.14572637368954666
1778685584.7451265,4.203399622167711,-0.5201025826534389,4.349344512154869,-0.6527807713126187,-0.14856275742809974,-0.14572637368954666
1778685584.7451265,4.203399622167711,-0.5201025826534389,4.362880520649331,-0.6552356590978021,-0.14856275742809974,-0.14572637368954666
1778685584.8522997,4.215868934447888,-0.5163558650358113,4.362880520649331,-0.6552356590978021,-0.15216876040365127,-0.14572637368954666
1778685584.8522997,4.215868934447888,-0.5163558650358113,4.377692368992664,-0.6574217855017674,-0.15216876040365127,-0.14572637368954666
1778685584.8522997,4.215868934447888,-0.5163558650358113,4.377692368992664,-0.6574217855017674,-0.15216876040365127,-0.1455092565037197
1778685584.8522997,4.215868934447888,-0.5163558650358113,4.377692368992664,-0.6574217855017674,-0.15216876040365127,-0.14629869316105373
1778685584.8522997,4.215868934447888,-0.5163558650358113,4.377692368992664,-0.6574217855017674,-0.15216876040365127,-0.14452092640942737
1778685584.8522997,4.215868934447888,-0.5163558650358113,4.377692368992664,-0.6574217855017674,-0.15216876040365127,-0.14670001338936878
1778685585.0099735,4.242706602690368,-0.5379769928197962,4.377692368992664,-0.6574217855017674,-0.14157234459714121,-0.14670001338936878
1778685585.0099735,4.242706602690368,-0.5379769928197962,4.392879937258886,-0.660163640742075,-0.14157234459714121,-0.14670001338936878
1778685585.0099735,4.242706602690368,-0.5379769928197962,4.392879937258886,-0.660163640742075,-0.14157234459714121,-0.14498668562096914
1778685585.0099735,4.242706602690368,-0.5379769928197962,4.407743975204737,-0.6627463478381936,-0.14157234459714121,-0.14498668562096914
1778685585.0099735,4.242706602690368,-0.5379769928197962,4.407743975204737,-0.6627463478381936,-0.14157234459714121,-0.14645130906630752
1778685585.164597,4.261728186647117,-0.5259391879062217,4.407743975204737,-0.6627463478381936,-0.14607946953801787,-0.14645130906630752
1778685585.164597,4.261728186647117,-0.5259391879062217,4.42301764124337,-0.6653760105048341,-0.14607946953801787,-0.14645130906630752
1778685585.164597,4.261728186647117,-0.5259391879062217,4.42301764124337,-0.6653760105048341,-0.14607946953801787,-0.14450183889848844
1778685585.2818983,4.287002608253922,-0.5392759634439266,4.42301764124337,-0.6653760105048341,-0.14239348248953482,-0.14450183889848844
1778685585.2818983,4.287002608253922,-0.5392759634439266,4.437761673246919,-0.6685796834404414,-0.14239348248953482,-0.14450183889848844
1778685585.2818983,4.287002608253922,-0.5392759634439266,4.437761673246919,-0.6685796834404414,-0.14239348248953482,-0.14604848792249572
1778685585.407977,4.296286213198831,-0.5367530121244425,4.437761673246919,-0.6685796834404414,-0.14636949667275004,-0.14604848792249572
1778685585.407977,4.296286213198831,-0.5367530121244425,4.452996197083663,-0.6709119105879664,-0.14636949667275004,-0.14604848792249572
1778685585.407977,4.296286213198831,-0.5367530121244425,4.452996197083663,-0.6709119105879664,-0.14636949667275004,-0.14506339783112845
1778685585.407977,4.296286213198831,-0.5367530121244425,4.467899377231401,-0.6737920532032003,-0.14636949667275004,-0.14506339783112845
1778685585.5564015,4.321659963846059,-0.5377056614176928,4.467899377231401,-0.6737920532032003,-0.14444341661240065,-0.14506339783112845
1778685585.5564015,4.321659963846059,-0.5377056614176928,4.484091444628637,-0.6765025796102541,-0.14444341661240065,-0.14506339783112845
1778685585.6791368,4.344437966008714,-0.552430036653353,4.484091444628637,-0.6765025796102541,-0.13795112092419093,-0.14506339783112845
1778685585.6791368,4.344437966008714,-0.552430036653353,4.499615590615864,-0.6795027281677893,-0.13795112092419093,-0.14506339783112845
1778685585.6791368,4.344437966008714,-0.552430036653353,4.499615590615864,-0.6795027281677893,-0.13795112092419093,-0.14420987537747143
1778685585.7976108,4.366951025908462,-0.5589047417628822,4.499615590615864,-0.6795027281677893,-0.13790321574148462,-0.14420987537747143
1778685585.7976108,4.366951025908462,-0.5589047417628822,4.514380483388675,-0.6820984826645374,-0.13790321574148462,-0.14420987537747143
1778685585.7976108,4.366951025908462,-0.5589047417628822,4.514380483388675,-0.6820984826645374,-0.13790321574148462,-0.14554935053692386
1778685585.7976108,4.366951025908462,-0.5589047417628822,4.529805484202863,-0.6851116786227018,-0.13790321574148462,-0.14554935053692386
1778685585.7976108,4.366951025908462,-0.5589047417628822,4.529805484202863,-0.6851116786227018,-0.13790321574148462,-0.14312697628306426
1778685585.9510174,4.382076519131044,-0.5586975731398033,4.529805484202863,-0.6851116786227018,-0.13985828109301468,-0.14312697628306426
1778685585.9510174,4.382076519131044,-0.5586975731398033,4.544768667321751,-0.6876813383181912,-0.13985828109301468,-0.14312697628306426
1778685585.9510174,4.382076519131044,-0.5586975731398033,4.544768667321751,-0.6876813383181912,-0.13985828109301468,-0.14466911469310784
1778685586.1041687,4.40215236489844,-0.5602337519313414,4.544768667321751,-0.6876813383181912,-0.1371046017421441,-0.14466911469310784
1778685586.1041687,4.40215236489844,-0.5602337519313414,4.560365863680757,-0.6904701491290204,-0.1371046017421441,-0.14466911469310784
1778685586.1041687,4.40215236489844,-0.5602337519313414,4.560365863680757,-0.6904701491290204,-0.1371046017421441,-0.14349131132420379
1778685586.1041687,4.40215236489844,-0.5602337519313414,4.575553431946981,-0.6932120043693282,-0.1371046017421441,-0.14349131132420379
1778685586.1041687,4.40215236489844,-0.5602337519313414,4.575553431946981,-0.6932120043693282,-0.1371046017421441,-0.14407698169083272
1778685586.2390783,4.4279224973955715,-0.5568076736811141,4.575553431946981,-0.6932120043693282,-0.1416336633441268,-0.14407698169083272
1778685586.2390783,4.4279224973955715,-0.5568076736811141,4.590490520264611,-0.6955833737187407,-0.1416336633441268,-0.14407698169083272
1778685586.2390783,4.4279224973955715,-0.5568076736811141,4.590490520264611,-0.6955833737187407,-0.1416336633441268,-0.14408926907377143
1778685586.3914945,4.4448389096169,-0.5654069198058255,4.590490520264611,-0.6955833737187407,-0.13875449384700791,-0.14408926907377143
1778685586.3914945,4.4448389096169,-0.5654069198058255,4.605591990758425,-0.698437421532716,-0.13875449384700791,-0.14408926907377143
1778685586.50687,4.4691589419454925,-0.580771707042421,4.605591990758425,-0.698437421532716,-0.13448633923448086,-0.14408926907377143
1778685586.50687,4.4691589419454925,-0.580771707042421,4.620602129447834,-0.7005974531354228,-0.13448633923448086,-0.14408926907377143
1778685586.50687,4.4691589419454925,-0.580771707042421,4.635617502169239,-0.7035636935230659,-0.13448633923448086,-0.14408926907377143
1778685586.644658,4.482222511540122,-0.5756386933959122,4.635617502169239,-0.7035636935230659,-0.1360639992878931,-0.14408926907377143
1778685586.644658,4.482222511540122,-0.5756386933959122,4.650653735659907,-0.705922015471849,-0.1360639992878931,-0.14408926907377143
1778685586.779218,4.504645927786049,-0.5765045433280254,4.650653735659907,-0.705922015471849,-0.13762041623372448,-0.14408926907377143
1778685586.779218,4.504645927786049,-0.5765045433280254,4.666203976448392,-0.7091204543754611,-0.13762041623372448,-0.14408926907377143
1778685586.8969858,4.526682127606325,-0.5722104486946176,4.666203976448392,-0.7091204543754611,-0.13941025249134598,-0.14408926907377143
1778685586.8969858,4.526682127606325,-0.5722104486946176,4.680619244099572,-0.7113587703819431,-0.13941025249134598,-0.14408926907377143
1778685587.011959,4.546367954746062,-0.5841969541258136,4.680619244099572,-0.7113587703819431,-0.13678344229583034,-0.14408926907377143
1778685587.011959,4.546367954746062,-0.5841969541258136,4.69649301520843,-0.7147163574297443,-0.13678344229583034,-0.14408926907377143
1778685587.011959,4.546367954746062,-0.5841969541258136,4.712202404141104,-0.7175912660129828,-0.13678344229583034,-0.14408926907377143
1778685587.011959,4.546367954746062,-0.5841969541258136,4.712202404141104,-0.7175912660129828,-0.13678344229583034,-0.1434044051345245
1778685587.011959,4.546367954746062,-0.5841969541258136,4.712202404141104,-0.7175912660129828,-0.13678344229583034,-0.14284555211701466
1778685587.011959,4.546367954746062,-0.5841969541258136,4.712202404141104,-0.7175912660129828,-0.13678344229583034,-0.14307836102832816
1778685587.011959,4.546367954746062,-0.5841969541258136,4.712202404141104,-0.7175912660129828,-0.13678344229583034,-0.14298649008719977
1778685587.011959,4.546367954746062,-0.5841969541258136,4.712202404141104,-0.7175912660129828,-0.13678344229583034,-0.14383850944942456
1778685587.011959,4.546367954746062,-0.5841969541258136,4.712202404141104,-0.7175912660129828,-0.13678344229583034,-0.1441515650408518
1778685587.011959,4.546367954746062,-0.5841969541258136,4.712202404141104,-0.7175912660129828,-0.13678344229583034,-0.1434610532781786
1778685587.011959,4.546367954746062,-0.5841969541258136,4.712202404141104,-0.7175912660129828,-0.13678344229583034,-0.14506298778234683
1778685587.1938705,4.5610071778170385,-0.5794045106509248,4.712202404141104,-0.7175912660129828,-0.1382116581467249,-0.14506298778234683
1778685587.1938705,4.5610071778170385,-0.5794045106509248,4.729166772153384,-0.7208053316538625,-0.1382116581467249,-0.14506298778234683
1778685587.1938705,4.5610071778170385,-0.5794045106509248,4.729166772153384,-0.7208053316538625,-0.1382116581467249,-0.1451747348083634
1778685587.1938705,4.5610071778170385,-0.5794045106509248,4.745609319499216,-0.7238863439518115,-0.1382116581467249,-0.1451747348083634
1778685587.1938705,4.5610071778170385,-0.5794045106509248,4.745609319499216,-0.7238863439518115,-0.1382116581467249,-0.14494566626530592
1778685587.3326747,4.591507660223855,-0.5907032505845844,4.745609319499216,-0.7238863439518115,-0.13639304849593253,-0.14494566626530592
1778685587.3326747,4.591507660223855,-0.5907032505845844,4.762051866845047,-0.7269673562497607,-0.13639304849593253,-0.14494566626530592
1778685587.3326747,4.591507660223855,-0.5907032505845844,4.762051866845047,-0.7269673562497607,-0.13639304849593253,-0.14589541410862328
1778685587.461064,4.607127133642613,-0.5962395470322679,4.762051866845047,-0.7269673562497607,-0.1358564931488086,-0.14589541410862328
1778685587.461064,4.607127133642613,-0.5962395470322679,4.779352812578331,-0.730439715207868,-0.1358564931488086,-0.14589541410862328
1778685587.461064,4.607127133642613,-0.5962395470322679,4.779352812578331,-0.730439715207868,-0.1358564931488086,-0.1453512349581807
1778685587.5899844,4.62445992841724,-0.5969321390560617,4.779352812578331,-0.730439715207868,-0.1394709027708859,-0.1453512349581807
1778685587.5899844,4.62445992841724,-0.5969321390560617,4.795670119949865,-0.7333354845603692,-0.1394709027708859,-0.1453512349581807
1778685587.5899844,4.62445992841724,-0.5969321390560617,4.795670119949865,-0.7333354845603692,-0.1394709027708859,-0.1457704294713431
1778685587.5899844,4.62445992841724,-0.5969321390560617,4.812000474722028,-0.736330399085909,-0.1394709027708859,-0.1457704294713431
1778685587.5899844,4.62445992841724,-0.5969321390560617,4.812000474722028,-0.736330399085909,-0.1394709027708859,-0.14354763077330635
1778685587.7706885,4.66153833800093,-0.5929233112467507,4.812000474722028,-0.736330399085909,-0.1427455092960605,-0.14354763077330635
1778685587.7706885,4.66153833800093,-0.5929233112467507,4.827636813282922,-0.7394166454158536,-0.1427455092960605,-0.14354763077330635
1778685587.7706885,4.66153833800093,-0.5929233112467507,4.827636813282922,-0.7394166454158536,-0.1427455092960605,-0.14458726972719038
1778685587.8981807,4.68247294469899,-0.6030644863590638,4.827636813282922,-0.7394166454158536,-0.1418904573815381,-0.14458726972719038
1778685587.8981807,4.68247294469899,-0.6030644863590638,4.843643637734711,-0.7422524117972042,-0.1418904573815381,-0.14458726972719038
1778685587.8981807,4.68247294469899,-0.6030644863590638,4.843643637734711,-0.7422524117972042,-0.1418904573815381,-0.14496751611630287
1778685588.0147347,4.698667252588133,-0.605481274496077,4.843643637734711,-0.7422524117972042,-0.13920437567242352,-0.14496751611630287
1778685588.0147347,4.698667252588133,-0.605481274496077,4.860086185080542,-0.7453334240951534,-0.13920437567242352,-0.14496751611630287
1778685588.0147347,4.698667252588133,-0.605481274496077,4.860086185080542,-0.7453334240951534,-0.13920437567242352,-0.14382935309673472
1778685588.0147347,4.698667252588133,-0.605481274496077,4.875075463000688,-0.7481013741367195,-0.13920437567242352,-0.14382935309673472
1778685588.0147347,4.698667252588133,-0.605481274496077,4.875075463000688,-0.7481013741367195,-0.13920437567242352,-0.14517388058114555
1778685588.1451995,4.721419438604436,-0.610923636629261,4.875075463000688,-0.7481013741367195,-0.13621582504455185,-0.14517388058114555
1778685588.1451995,4.721419438604436,-0.610923636629261,4.89166411109008,-0.7507597109412564,-0.13621582504455185,-0.14517388058114555
1778685588.1451995,4.721419438604436,-0.610923636629261,4.89166411109008,-0.7507597109412564,-0.13621582504455185,-0.1436604263057939
1778685588.2833276,4.734804581455765,-0.6141984666808759,4.89166411109008,-0.7507597109412564,-0.13951500616042145,-0.1436604263057939
1778685588.2833276,4.734804581455765,-0.6141984666808759,4.907300449650974,-0.7538459572712009,-0.13951500616042145,-0.1436604263057939
1778685588.2833276,4.734804581455765,-0.6141984666808759,4.907300449650974,-0.7538459572712009,-0.13951500616042145,-0.1436604263057939
1778685588.3974202,4.7659666999805355,-0.6165252858733892,4.907300449650974,-0.7538459572712009,-0.14045605315959075,-0.1436604263057939
1778685588.3974202,4.7659666999805355,-0.6165252858733892,4.923069841554799,-0.756410382934695,-0.14045605315959075,-0.1436604263057939
1778685588.3974202,4.7659666999805355,-0.6165252858733892,4.923069841554799,-0.756410382934695,-0.14045605315959075,-0.1445026512173193
1778685588.3974202,4.7659666999805355,-0.6165252858733892,4.938408744596578,-0.759535771466527,-0.14045605315959075,-0.1445026512173193
1778685588.5144482,4.7847810841449325,-0.612829750251203,4.938408744596578,-0.759535771466527,-0.1427449663840195,-0.1445026512173193
1778685588.5144482,4.7847810841449325,-0.612829750251203,4.938408744596578,-0.759535771466527,-0.1427449663840195,-0.14415159602858818
1778685588.5144482,4.7847810841449325,-0.612829750251203,4.953061444795721,-0.7620454281908657,-0.1427449663840195,-0.14415159602858818
1778685588.5144482,4.7847810841449325,-0.612829750251203,4.953061444795721,-0.7620454281908657,-0.1427449663840195,-0.14716773618353063
1778685588.6583,4.799772298303533,-0.6154672013978557,4.953061444795721,-0.7620454281908657,-0.14073406292009705,-0.14716773618353063
1778685588.6583,4.799772298303533,-0.6154672013978557,4.968202057491423,-0.7651969115239566,-0.14073406292009705,-0.14716773618353063
1778685588.6583,4.799772298303533,-0.6154672013978557,4.968202057491423,-0.7651969115239566,-0.14073406292009705,-0.14452686015022256
1778685588.79063,4.823096132585328,-0.6199029273149794,4.968202057491423,-0.7651969115239566,-0.1425645147715021,-0.14452686015022256
1778685588.79063,4.823096132585328,-0.6199029273149794,4.982993045065493,-0.7679909563667813,-0.1425645147715021,-0.14452686015022256
1778685588.79063,4.823096132585328,-0.6199029273149794,4.982993045065493,-0.7679909563667813,-0.1425645147715021,-0.14608717257479453
1778685588.79063,4.823096132585328,-0.6199029273149794,4.997447454918559,-0.7705267078923785,-0.1425645147715021,-0.14608717257479453
1778685588.79063,4.823096132585328,-0.6199029273149794,4.997447454918559,-0.7705267078923785,-0.1425645147715021,-0.14528512450593567
1778685588.9294076,4.841277670617525,-0.6272282750543118,4.997447454918559,-0.7705267078923785,-0.14118512672447608,-0.14528512450593567
1778685588.9294076,4.841277670617525,-0.6272282750543118,5.010725170095794,-0.7733181733985649,-0.14118512672447608,-0.14528512450593567
1778685588.9294076,4.841277670617525,-0.6272282750543118,5.010725170095794,-0.7733181733985649,-0.14118512672447608,-0.14650682769609216
1778685589.0722709,4.868709008032592,-0.6278332000844226,5.010725170095794,-0.7733181733985649,-0.14068944387002974,-0.14650682769609216
1778685589.0722709,4.868709008032592,-0.6278332000844226,5.025093482176451,-0.77596611749783,-0.14068944387002974,-0.14650682769609216
1778685589.0722709,4.868709008032592,-0.6278332000844226,5.025093482176451,-0.77596611749783,-0.14068944387002974,-0.1450484814747148
1778685589.188808,4.8871933193219865,-0.6217630812919575,5.025093482176451,-0.77596611749783,-0.14408053994378833,-0.1450484814747148
1778685589.188808,4.8871933193219865,-0.6217630812919575,5.039871422349892,-0.7786610171676159,-0.14408053994378833,-0.1450484814747148
1778685589.188808,4.8871933193219865,-0.6217630812919575,5.039871422349892,-0.7786610171676159,-0.14408053994378833,-0.14564998036775467
1778685589.188808,4.8871933193219865,-0.6217630812919575,5.05589129420231,-0.7815959287220049,-0.14408053994378833,-0.14564998036775467
1778685589.188808,4.8871933193219865,-0.6217630812919575,5.05589129420231,-0.7815959287220049,-0.14408053994378833,-0.1440081704337981
1778685589.3377361,4.90311377521967,-0.6326709624447862,5.05589129420231,-0.7815959287220049,-0.14198892495362878,-0.1440081704337981
1778685589.3377361,4.90311377521967,-0.6326709624447862,5.071204102442831,-0.7845230269077604,-0.14198892495362878,-0.1440081704337981
1778685589.4373965,4.918921274156631,-0.6349921965985145,5.071204102442831,-0.7845230269077604,-0.14109036652229145,-0.1440081704337981
1778685589.4373965,4.918921274156631,-0.6349921965985145,5.088004088278928,-0.7872544140840771,-0.14109036652229145,-0.1440081704337981
1778685589.4373965,4.918921274156631,-0.6349921965985145,5.088004088278928,-0.7872544140840771,-0.14109036652229145,-0.14332009123414924
1778685589.5606403,4.933836003764645,-0.637603791722978,5.088004088278928,-0.7872544140840771,-0.13983998638294837,-0.14332009123414924
1778685589.5606403,4.933836003764645,-0.637603791722978,5.102260207785918,-0.7898162604109331,-0.13983998638294837,-0.14332009123414924
1778685589.5606403,4.933836003764645,-0.637603791722978,5.102260207785918,-0.7898162604109331,-0.13983998638294837,-0.1417922426316558
1778685589.6642306,4.950652668072584,-0.6361457605582281,5.102260207785918,-0.7898162604109331,-0.14472605223858317,-0.1417922426316558
1778685589.6642306,4.950652668072584,-0.6361457605582281,5.118029599689741,-0.7923806860744269,-0.14472605223858317,-0.1417922426316558
1778685589.6642306,4.950652668072584,-0.6361457605582281,5.118029599689741,-0.7923806860744269,-0.14472605223858317,-0.14479077102191695
1778685589.7933962,4.974019451088569,-0.6437120984354586,5.118029599689741,-0.7923806860744269,-0.14014143569834153,-0.14479077102191695
1778685589.7933962,4.974019451088569,-0.6437120984354586,5.133131070183556,-0.7952347338884023,-0.14014143569834153,-0.14479077102191695
1778685589.7933962,4.974019451088569,-0.6437120984354586,5.133131070183556,-0.7952347338884023,-0.14014143569834153,-0.1421085747656834
1778685589.9134197,4.999705818987748,-0.6414857551941986,5.133131070183556,-0.7952347338884023,-0.1386735286322628,-0.1421085747656834
1778685589.9134197,4.999705818987748,-0.6414857551941986,5.1468523216234665,-0.7975643816992888,-0.1386735286322628,-0.1421085747656834
1778685589.9134197,4.999705818987748,-0.6414857551941986,5.1468523216234665,-0.7975643816992888,-0.1386735286322628,-0.1446700926017721
1778685589.9134197,4.999705818987748,-0.6414857551941986,5.162052937290319,-0.8004053821126351,-0.1386735286322628,-0.1446700926017721
1778685589.9134197,4.999705818987748,-0.6414857551941986,5.162052937290319,-0.8004053821126351,-0.1386735286322628,-0.14296682087067225
1778685590.0391653,5.013014784573313,-0.6502936556533063,5.162052937290319,-0.8004053821126351,-0.14066960532139852,-0.14296682087067225
1778685590.0391653,5.013014784573313,-0.6502936556533063,5.175476753211114,-0.8027741721254091,-0.14066960532139852,-0.14296682087067225
1778685590.0391653,5.013014784573313,-0.6502936556533063,5.175476753211114,-0.8027741721254091,-0.14066960532139852,-0.14464844325614035
1778685590.1751876,5.033812539819333,-0.654822378966014,5.175476753211114,-0.8027741721254091,-0.14053474001304792,-0.14464844325614035
1778685590.1751876,5.033812539819333,-0.654822378966014,5.191199189544417,-0.8057482258816862,-0.14053474001304792,-0.14464844325614035
1778685590.1751876,5.033812539819333,-0.654822378966014,5.191199189544417,-0.8057482258816862,-0.14053474001304792,-0.14341495694829742
1778685590.2926998,5.053129961651555,-0.6479338773933231,5.191199189544417,-0.8057482258816862,-0.14100580471015775,-0.14341495694829742
1778685590.2926998,5.053129961651555,-0.6479338773933231,5.204873485413805,-0.8084875017853558,-0.14100580471015775,-0.14341495694829742
1778685590.2926998,5.053129961651555,-0.6479338773933231,5.204873485413805,-0.8084875017853558,-0.14100580471015775,-0.14565044109102573
1778685590.2926998,5.053129961651555,-0.6479338773933231,5.2203584891991435,-0.8111902148237757,-0.14100580471015775,-0.14565044109102573
1778685590.4188943,5.065342038731571,-0.6594153740070127,5.2203584891991435,-0.8111902148237757,-0.13909522409648303,-0.14565044109102573
1778685590.4188943,5.065342038731571,-0.6594153740070127,5.2203584891991435,-0.8111902148237757,-0.13909522409648303,-0.1440500248463752
1778685590.4188943,5.065342038731571,-0.6594153740070127,5.235162524173843,-0.8140834048396389,-0.13909522409648303,-0.1440500248463752
1778685590.4188943,5.065342038731571,-0.6594153740070127,5.235162524173843,-0.8140834048396389,-0.13909522409648303,-0.14355284052773332
1778685590.5708191,5.090734816309418,-0.6493733830619326,5.235162524173843,-0.8140834048396389,-0.14373929179736708,-0.14355284052773332
1778685590.5708191,5.090734816309418,-0.6493733830619326,5.249517788853872,-0.8166322037658653,-0.14373929179736708,-0.14355284052773332
1778685590.5708191,5.090734816309418,-0.6493733830619326,5.249517788853872,-0.8166322037658653,-0.14373929179736708,-0.1440745445330656
1778685590.6829586,5.1006998581798575,-0.6624343537294695,5.249517788853872,-0.8166322037658653,-0.13764504865014562,-0.1440745445330656
1778685590.6829586,5.1006998581798575,-0.6624343537294695,5.263687810588452,-0.8193062426663885,-0.13764504865014562,-0.1440745445330656
1778685590.6829586,5.1006998581798575,-0.6624343537294695,5.263687810588452,-0.8193062426663885,-0.13764504865014562,-0.14501794707809879
1778685590.809267,5.117641904566321,-0.6608168583849021,5.263687810588452,-0.8193062426663885,-0.1436018998528558,-0.14501794707809879
1778685590.809267,5.117641904566321,-0.6608168583849021,5.278202223412669,-0.8215315112722411,-0.1436018998528558,-0.14501794707809879
1778685590.809267,5.117641904566321,-0.6608168583849021,5.278202223412669,-0.8215315112722411,-0.1436018998528558,-0.14290217081023204
1778685590.809267,5.117641904566321,-0.6608168583849021,5.2918765192820585,-0.8242707871759106,-0.1436018998528558,-0.14290217081023204
1778685590.809267,5.117641904566321,-0.6608168583849021,5.2918765192820585,-0.8242707871759106,-0.1436018998528558,-0.14170633146541523
1778685590.9349113,5.146820994477594,-0.6751237617994472,5.2918765192820585,-0.8242707871759106,-0.13721009657939556,-0.14170633146541523
1778685591.043259,5.158316766357705,-0.6646397976867988,5.2918765192820585,-0.8242707871759106,-0.14371567529500176,-0.14170633146541523
1778685591.043259,5.158316766357705,-0.6646397976867988,5.306192641760199,-0.8265221505830219,-0.14371567529500176,-0.14170633146541523
1778685591.043259,5.158316766357705,-0.6646397976867988,5.306192641760199,-0.8265221505830219,-0.14371567529500176,-0.14305903683195176
1778685591.043259,5.158316766357705,-0.6646397976867988,5.319008539242133,-0.8288700798265333,-0.14371567529500176,-0.14305903683195176
1778685591.043259,5.158316766357705,-0.6646397976867988,5.319008539242133,-0.8288700798265333,-0.14371567529500176,-0.14211726939131086
1778685591.1609333,5.177045745205951,-0.6615687925567961,5.319008539242133,-0.8288700798265333,-0.14734169043170664,-0.14211726939131086
1778685591.1609333,5.177045745205951,-0.6615687925567961,5.330470312471422,-0.8308918994130325,-0.14734169043170664,-0.14211726939131086
1778685591.1609333,5.177045745205951,-0.6615687925567961,5.330470312471422,-0.8308918994130325,-0.14734169043170664,-0.14157055161330723
1778685591.2653413,5.194518394676846,-0.6650904954925797,5.330470312471422,-0.8308918994130325,-0.14499277968673782,-0.14157055161330723
1778685591.2653413,5.194518394676846,-0.6650904954925797,5.341225022088812,-0.8329059056308981,-0.14499277968673782,-0.14157055161330723
1778685591.2653413,5.194518394676846,-0.6650904954925797,5.341225022088812,-0.8329059056308981,-0.14499277968673782,-0.1412116944890931
1778685591.4071214,5.2151493497067465,-0.6685829427749861,5.341225022088812,-0.8329059056308981,-0.14206319269921708,-0.1412116944890931
1778685591.4071214,5.2151493497067465,-0.6685829427749861,5.352561555343804,-0.8347424822719499,-0.14206319269921708,-0.1412116944890931
1778685591.4071214,5.2151493497067465,-0.6685829427749861,5.352561555343804,-0.8347424822719499,-0.14206319269921708,-0.14077073506967164
1778685591.517422,5.233097868072074,-0.6732627881407344,5.352561555343804,-0.8347424822719499,-0.14525962054162425,-0.14077073506967164
1778685591.517422,5.233097868072074,-0.6732627881407344,5.363488460506014,-0.8365321033424798,-0.14525962054162425,-0.14077073506967164
1778685591.517422,5.233097868072074,-0.6732627881407344,5.363488460506014,-0.8365321033424798,-0.14525962054162425,-0.14175054619836835
1778685591.627165,5.240464898366868,-0.676936354404531,5.363488460506014,-0.8365321033424798,-0.1365447348556984,-0.14175054619836835
1778685591.627165,5.240464898366868,-0.676936354404531,5.363488460506014,-0.8365321033424798,-0.1365447348556984,-0.14187268424967492
1778685591.71757,5.25332729152427,-0.6878107501819181,5.363488460506014,-0.8365321033424798,-0.13148863386088466,-0.14187268424967492
1778685591.71757,5.25332729152427,-0.6878107501819181,5.363488460506014,-0.8365321033424798,-0.13148863386088466,-0.13808971556032157
1778685591.8010545,5.261238688128593,-0.684068007347907,5.363488460506014,-0.8365321033424798,-0.13398808306170218,-0.13808971556032157
1778685591.8010545,5.261238688128593,-0.684068007347907,5.363488460506014,-0.8365321033424798,-0.13398808306170218,-0.13806825251092292
1778685591.910914,5.2704419415335115,-0.6893863291888136,5.363488460506014,-0.8365321033424798,-0.127443525829769,-0.13806825251092292
1778685591.910914,5.2704419415335115,-0.6893863291888136,5.363488460506014,-0.8365321033424798,-0.127443525829769,-0.137828310257345
1778685592.01128,5.279059952404065,-0.6999244709524941,5.363488460506014,-0.8365321033424798,-0.11836020670210998,-0.137828310257345
1778685592.01128,5.279059952404065,-0.6999244709524941,5.363488460506014,-0.8365321033424798,-0.11836020670210998,-0.13767830295358507
1778685592.1109269,5.291650064963965,-0.6889312453533418,5.363488460506014,-0.8365321033424798,-0.13001715311385695,-0.13767830295358507
1778685592.1109269,5.291650064963965,-0.6889312453533418,5.372082837085824,-0.8382252339353291,-0.13001715311385695,-0.13767830295358507
1778685592.1109269,5.291650064963965,-0.6889312453533418,5.372082837085824,-0.8382252339353291,-0.13001715311385695,-0.1376791818963241
1778685592.1109269,5.291650064963965,-0.6889312453533418,5.375670344747832,-0.8386608814706513,-0.13001715311385695,-0.1376791818963241
1778685592.1109269,5.291650064963965,-0.6889312453533418,5.376787036452512,-0.8387156504098066,-0.13001715311385695,-0.1376791818963241
1778685592.1109269,5.291650064963965,-0.6889312453533418,5.377295809718333,-0.8387495585796989,-0.13001715311385695,-0.1376791818963241
1778685592.1109269,5.291650064963965,-0.6889312453533418,5.3774210496926305,-0.8389348015251462,-0.13001715311385695,-0.1376791818963241
1778685592.1109269,5.291650064963965,-0.6889312453533418,5.377434097093261,-0.839033946698185,-0.13001715311385695,-0.1376791818963241
1778685592.1994941,5.289142614986495,-0.7001110205546588,5.377434097093261,-0.839033946698185,-0.1139591636047074,-0.1376791818963241
1778685592.1994941,5.289142614986495,-0.7001110205546588,5.377533242266299,-0.8390208992975557,-0.1139591636047074,-0.1376791818963241
1778685592.1994941,5.289142614986495,-0.7001110205546588,5.377533242266299,-0.8390208992975557,-0.1139591636047074,-0.13767683392989571
1778685592.3004894,5.292818615073011,-0.6930597705418315,5.377533242266299,-0.8390208992975557,-0.12321903198766035,-0.13767683392989571
1778685592.3004894,5.292818615073011,-0.6930597705418315,5.377533242266299,-0.8390208992975557,-0.12321903198766035,-0.13767683392989571
1778685592.3004894,5.292818615073011,-0.6930597705418315,5.377533242266299,-0.8390208992975557,-0.12321903198766035,-0.1376844883276407
1778685592.3004894,5.292818615073011,-0.6930597705418315,5.377533242266299,-0.8390208992975557,-0.12321903198766035,-0.1376844883276407
1778685592.425084,5.293173756191373,-0.6929128022466386,5.377533242266299,-0.8390208992975557,-0.12259805330484662,-0.1376844883276407
1778685592.5536268,5.2932281387509175,-0.6925688654113414,5.377533242266299,-0.8390208992975557,-0.12300455780830946,-0.1376844883276407
1778685592.6437333,5.292740830977394,-0.6924863522326131,5.377533242266299,-0.8390208992975557,-0.12276723129763671,-0.1376844883276407
1778685592.7290416,5.293150927758586,-0.6933780933730511,5.377533242266299,-0.8390208992975557,-0.12215207234850904,-0.1376844883276407
1778685592.808408,5.29092716936267,-0.6959258261201875,5.377533242266299,-0.8390208992975557,-0.11884153057665374,-0.1376844883276407
1778685592.9149792,5.292432760758044,-0.6927209800163006,5.377533242266299,-0.8390208992975557,-0.1220239716261449,-0.1376844883276407
1778685592.9149792,5.292432760758044,-0.6927209800163006,5.377533242266299,-0.8390208992975557,-0.1220239716261449,-0.13768536834418654
1778685592.9149792,5.292432760758044,-0.6927209800163006,5.377533242266299,-0.8390208992975557,-0.1220239716261449,-0.13719322836652248
1778685592.9149792,5.292432760758044,-0.6927209800163006,5.377533242266299,-0.8390208992975557,-0.1220239716261449,-0.1357013192237524
1778685592.9149792,5.292432760758044,-0.6927209800163006,5.377533242266299,-0.8390208992975557,-0.1220239716261449,-0.1327475368396258
1778685592.9149792,5.292432760758044,-0.6927209800163006,5.377533242266299,-0.8390208992975557,-0.1220239716261449,-0.12446437145650213
1778685592.9149792,5.292432760758044,-0.6927209800163006,5.377533242266299,-0.8390208992975557,-0.1220239716261449,-0.11624428673307685
1778685593.0219977,5.293445632359985,-0.6909661181845497,5.377533242266299,-0.8390208992975557,-0.12301587680753763,-0.11624428673307685
1778685593.0219977,5.293445632359985,-0.6909661181845497,5.377533242266299,-0.8390208992975557,-0.12301587680753763,-0.09882303340810816
1778685593.1206942,5.292058250773218,-0.6982931632643692,5.377533242266299,-0.8390208992975557,-0.11441641575569443,-0.09882303340810816
1778685593.1206942,5.292058250773218,-0.6982931632643692,5.377533242266299,-0.8390208992975557,-0.11441641575569443,-0.08031456443164231
1778685593.1206942,5.292058250773218,-0.6982931632643692,5.377757627413635,-0.8391930948423739,-0.11441641575569443,-0.08031456443164231
1778685593.1206942,5.292058250773218,-0.6982931632643692,5.377995059961599,-0.839464435560231,-0.11441641575569443,-0.08031456443164231
1778685593.1206942,5.292058250773218,-0.6982931632643692,5.378542975429307,-0.8397957792492383,-0.11441641575569443,-0.08031456443164231
1778685593.1206942,5.292058250773218,-0.6982931632643692,5.379466610819907,-0.8406828517745887,-0.11441641575569443,-0.08031456443164231
1778685593.1206942,5.292058250773218,-0.6982931632643692,5.380152813662543,-0.8412985835820822,-0.11441641575569443,-0.08031456443164231
1778685593.1206942,5.292058250773218,-0.6982931632643692,5.379709277399868,-0.8417604012773823,-0.11441641575569443,-0.08031456443164231
1778685593.1206942,5.292058250773218,-0.6982931632643692,5.379265741137193,-0.8422222189726822,-0.11441641575569443,-0.08031456443164231
1778685593.1206942,5.292058250773218,-0.6982931632643692,5.379623179627459,-0.8418725938510497,-0.11441641575569443,-0.08031456443164231
1778685593.1206942,5.292058250773218,-0.6982931632643692,5.379623179627459,-0.8418725938510497,-0.11441641575569443,-0.05540984535182236
1778685593.2340896,5.295181283760037,-0.6893792044352831,5.379623179627459,-0.8418725938510497,-0.11791417629385048,-0.05540984535182236
1778685593.2340896,5.295181283760037,-0.6893792044352831,5.380113671460656,-0.841001148062967,-0.11791417629385048,-0.05540984535182236
1778685593.3213792,5.301224982137436,-0.6922443385973847,5.380113671460656,-0.841001148062967,-0.10700620515803104,-0.05540984535182236
1778685593.3213792,5.301224982137436,-0.6922443385973847,5.380113671460656,-0.841001148062967,-0.10700620515803104,-0.030240931487037326
1778685593.414233,5.29540934711869,-0.69542051565352,5.380113671460656,-0.841001148062967,-0.09398390433535968,-0.030240931487037326
1778685593.414233,5.29540934711869,-0.69542051565352,5.380679868360989,-0.8422378457099494,-0.09398390433535968,-0.030240931487037326
1778685593.414233,5.29540934711869,-0.69542051565352,5.380679868360989,-0.8422378457099494,-0.09398390433535968,-0.00475630689606632
1778685593.414233,5.29540934711869,-0.69542051565352,5.379662321829347,-0.8421700293701652,-0.09398390433535968,-0.00475630689606632
1778685593.414233,5.29540934711869,-0.69542051565352,5.379662321829347,-0.8421700293701652,-0.09398390433535968,0.03009696474171042
1778685593.5593903,5.303079200355494,-0.6821299184938941,5.379662321829347,-0.8421700293701652,-0.085170998782713,0.03009696474171042
1778685593.5593903,5.303079200355494,-0.6821299184938941,5.380395480242503,-0.8423761330848758,-0.085170998782713,0.03009696474171042
1778685593.5593903,5.303079200355494,-0.6821299184938941,5.380395480242503,-0.8423761330848758,-0.085170998782713,0.0644106668137141
1778685593.6922402,5.30039955166955,-0.678177008324719,5.380395480242503,-0.8423761330848758,-0.05172671162390752,0.0644106668137141
1778685593.6922402,5.30039955166955,-0.678177008324719,5.380395480242503,-0.8423761330848758,-0.05172671162390752,0.09681425584711079
1778685593.7850442,5.302211550452368,-0.6659951207830012,5.380395480242503,-0.8423761330848758,-0.029259019938045767,0.09681425584711079
1778685593.8874862,5.29386276427886,-0.6604966072772454,5.380395480242503,-0.8423761330848758,-0.0031768057836920843,0.09681425584711079
1778685593.8874862,5.29386276427886,-0.6604966072772454,5.380395480242503,-0.8423761330848758,-0.0031768057836920843,0.12844894363347859
1778685594.0158508,5.25305802122723,-0.5522333498372334,5.380395480242503,-0.8423761330848758,-0.03315823803333532,0.12844894363347859
1778685594.12571,5.263327613842868,-0.5722710495118358,5.380395480242503,-0.8423761330848758,0.025142689706602203,0.12844894363347859
1778685594.12571,5.263327613842868,-0.5722710495118358,5.380395480242503,-0.8423761330848758,0.025142689706602203,0.22784491262180878
1778685594.12571,5.263327613842868,-0.5722710495118358,5.380150234325905,-0.8428118559789173,0.025142689706602203,0.22784491262180878
1778685594.12571,5.263327613842868,-0.5722710495118358,5.379787561803643,-0.8423552723156127,0.025142689706602203,0.22784491262180878
1778685594.12571,5.263327613842868,-0.5722710495118358,5.3812669260305865,-0.8428666249180724,0.025142689706602203,0.22784491262180878
1778685594.12571,5.263327613842868,-0.5722710495118358,5.3801971898964265,-0.8424022278861342,0.025142689706602203,0.22784491262180878
1778685594.12571,5.263327613842868,-0.5722710495118358,5.3810894964537725,-0.842284801280471,0.025142689706602203,0.22784491262180878
1778685594.12571,5.263327613842868,-0.5722710495118358,5.380559862418688,-0.8428588115494385,0.025142689706602203,0.22784491262180878
1778685594.232498,5.291746018946871,-0.6304837040274279,5.380559862418688,-0.8428588115494385,0.0983847718182983,0.22784491262180878
1778685594.232498,5.291746018946871,-0.6304837040274279,5.380559862418688,-0.8428588115494385,0.0983847718182983,0.26265595600634334
1778685594.232498,5.291746018946871,-0.6304837040274279,5.379925849178569,-0.8426396604340988,0.0983847718182983,0.26265595600634334
1778685594.232498,5.291746018946871,-0.6304837040274279,5.379925849178569,-0.8426396604340988,0.0983847718182983,0.2998770916947484
1778685594.3521993,5.28055592121274,-0.6008105453013651,5.379925849178569,-0.8426396604340988,0.12898159861679057,0.2998770916947484
1778685594.3521993,5.28055592121274,-0.6008105453013651,5.380408527643132,-0.8424752782579144,0.12898159861679057,0.2998770916947484
1778685594.3521993,5.28055592121274,-0.6008105453013651,5.380408527643132,-0.8424752782579144,0.12898159861679057,0.3271927845981335
1778685594.4648316,5.2227534538950104,-0.4537083487479147,5.380408527643132,-0.8424752782579144,0.07461411699619391,0.3271927845981335
1778685594.4648316,5.2227534538950104,-0.4537083487479147,5.379834517374165,-0.8419456442228298,0.07461411699619391,0.3271927845981335
1778685594.4648316,5.2227534538950104,-0.4537083487479147,5.379834517374165,-0.8419456442228298,0.07461411699619391,0.3674752527061556
1778685594.596658,5.277666145560335,-0.5826218322512432,5.379834517374165,-0.8419456442228298,0.191029801441439,0.3674752527061556
1778685594.596658,5.277666145560335,-0.5826218322512432,5.380951209078846,-0.842000413161985,0.191029801441439,0.3674752527061556
1778685594.596658,5.277666145560335,-0.5826218322512432,5.380951209078846,-0.842000413161985,0.191029801441439,0.39482738615728
1778685594.7400908,5.231287180982772,-0.46173476061068364,5.380951209078846,-0.842000413161985,0.16426420277447176,0.39482738615728
1778685594.7400908,5.231287180982772,-0.46173476061068364,5.3801450002939095,-0.8420056471939804,0.16426420277447176,0.39482738615728
1778685594.7400908,5.231287180982772,-0.46173476061068364,5.3801450002939095,-0.8420056471939804,0.16426420277447176,0.42306776730997364
1778685594.8498886,5.229647170832751,-0.44056271264951996,5.3801450002939095,-0.8420056471939804,0.2146466444359221,0.42306776730997364
1778685594.8498886,5.229647170832751,-0.44056271264951996,5.380752918732769,-0.8420265079632436,0.2146466444359221,0.42306776730997364
1778685594.8498886,5.229647170832751,-0.44056271264951996,5.380752918732769,-0.8420265079632436,0.2146466444359221,0.4506557322223837
1778685594.8498886,5.229647170832751,-0.44056271264951996,5.380883392739062,-0.8430179596936278,0.2146466444359221,0.4506557322223837
1778685594.8498886,5.229647170832751,-0.44056271264951996,5.380883392739062,-0.8430179596936278,0.2146466444359221,0.4908210719398361
1778685594.9987822,5.2307919530984925,-0.4604539583346042,5.380883392739062,-0.8430179596936278,0.23877935619008686,0.4908210719398361
1778685594.9987822,5.2307919530984925,-0.4604539583346042,5.3799388965791985,-0.8427388056071373,0.23877935619008686,0.4908210719398361
1778685594.9987822,5.2307919530984925,-0.4604539583346042,5.3799388965791985,-0.8427388056071373,0.23877935619008686,0.5178928163037002
1778685594.9987822,5.2307919530984925,-0.4604539583346042,5.379946709947833,-0.8420317419952389,0.23877935619008686,0.5178928163037002
1778685594.9987822,5.2307919530984925,-0.4604539583346042,5.379946709947833,-0.8420317419952389,0.23877935619008686,0.5770014398732608
1778685595.1585255,5.238684629265814,-0.4352238632742431,5.379946709947833,-0.8420317419952389,0.32452557685827726,0.5770014398732608
1778685595.2701948,5.237396381481613,-0.45179350319328826,5.379946709947833,-0.8420317419952389,0.3694257702044353,0.5770014398732608
1778685595.2701948,5.237396381481613,-0.45179350319328826,5.379114406361637,-0.8418386856811577,0.3694257702044353,0.5770014398732608
1778685595.2701948,5.237396381481613,-0.45179350319328826,5.379114406361637,-0.8418386856811577,0.3694257702044353,0.6072087824663569
1778685595.2701948,5.237396381481613,-0.45179350319328826,5.380066715890134,-0.8414107761557498,0.3694257702044353,0.6072087824663569
1778685595.2701948,5.237396381481613,-0.45179350319328826,5.380066715890134,-0.8414107761557498,0.3694257702044353,0.6430955894211456
1778685595.4017377,5.247516397760321,-0.4801523390790187,5.380066715890134,-0.8414107761557498,0.4204063791565219,0.6430955894211456
1778685595.4017377,5.247516397760321,-0.4801523390790187,5.379722324800497,-0.8418595464504206,0.4204063791565219,0.6430955894211456
1778685595.4017377,5.247516397760321,-0.4801523390790187,5.379722324800497,-0.8418595464504206,0.4204063791565219,0.6757044096249668
1778685595.4017377,5.247516397760321,-0.4801523390790187,5.379933662547204,-0.8419325968222006,0.4204063791565219,0.6757044096249668
1778685595.4017377,5.247516397760321,-0.4801523390790187,5.379933662547204,-0.8419325968222006,0.4204063791565219,0.7084830014918737
1778685595.5426433,5.2539704098245945,-0.48152795719154623,5.379933662547204,-0.8419325968222006,0.4825021020777977,0.7084830014918737
1778685595.5426433,5.2539704098245945,-0.48152795719154623,5.379774514403014,-0.8422561271425746,0.4825021020777977,0.7084830014918737
1778685595.5426433,5.2539704098245945,-0.48152795719154623,5.379774514403014,-0.8422561271425746,0.4825021020777977,0.7471350070644844
1778685595.689553,5.251124307113547,-0.4771107126344932,5.379774514403014,-0.8422561271425746,0.5313081110130016,0.7471350070644844
1778685595.689553,5.251124307113547,-0.4771107126344932,5.379602318858196,-0.8424805122899097,0.5313081110130016,0.7471350070644844
1778685595.689553,5.251124307113547,-0.4771107126344932,5.379602318858196,-0.8424805122899097,0.5313081110130016,0.7811636199471244
1778685595.838603,5.243026363861635,-0.46850285554770654,5.379602318858196,-0.8424805122899097,0.5853443721617987,0.7811636199471244
1778685595.838603,5.243026363861635,-0.46850285554770654,5.379985852149721,-0.8423291775143541,0.5853443721617987,0.7811636199471244
1778685595.838603,5.243026363861635,-0.46850285554770654,5.379985852149721,-0.8423291775143541,0.5853443721617987,0.8142848198273882
1778685595.838603,5.243026363861635,-0.46850285554770654,5.379886706976682,-0.8423422249149833,0.5853443721617987,0.8142848198273882
1778685595.9514267,5.249835405475629,-0.4576333529850001,5.379886706976682,-0.8423422249149833,0.6203761203082547,0.8142848198273882
1778685595.9514267,5.249835405475629,-0.4576333529850001,5.379886706976682,-0.8423422249149833,0.6203761203082547,0.8440512885029767
1778685595.9514267,5.249835405475629,-0.4576333529850001,5.380726823931511,-0.8418282176171668,0.6203761203082547,0.8440512885029767
1778685595.9514267,5.249835405475629,-0.4576333529850001,5.380726823931511,-0.8418282176171668,0.6203761203082547,0.8822583599708038
1778685596.0814383,5.240399170801983,-0.46151964337072743,5.380726823931511,-0.8418282176171668,0.6682695125047872,0.8822583599708038
1778685596.0814383,5.240399170801983,-0.46151964337072743,5.379860612175423,-0.8421439345689067,0.6682695125047872,0.8822583599708038
1778685596.0814383,5.240399170801983,-0.46151964337072743,5.379860612175423,-0.8421439345689067,0.6682695125047872,0.9131861324752183
1778685596.2175493,5.240150809737119,-0.4598056969181564,5.379860612175423,-0.8421439345689067,0.7152682280905075,0.9131861324752183
1778685596.2175493,5.240150809737119,-0.4598056969181564,5.379398794480124,-0.8417003983062316,0.7152682280905075,0.9131861324752183
1778685596.3398852,5.226000967814089,-0.4509784221767727,5.379398794480124,-0.8417003983062316,0.7557902880599632,0.9131861324752183
1778685596.3398852,5.226000967814089,-0.4509784221767727,5.379946709947833,-0.8420317419952389,0.7557902880599632,0.9131861324752183
1778685596.3398852,5.226000967814089,-0.4509784221767727,5.379946709947833,-0.8420317419952389,0.7557902880599632,0.9534817733428629
1778685596.3398852,5.226000967814089,-0.4509784221767727,5.380593770588581,-0.8423500382836172,0.7557902880599632,0.9534817733428629
1778685596.3398852,5.226000967814089,-0.4509784221767727,5.380593770588581,-0.8423500382836172,0.7557902880599632,0.981636488495081
1778685596.4603949,5.281898889479043,-0.3869229513572136,5.380593770588581,-0.8423500382836172,0.8062790613350208,0.981636488495081
1778685596.4603949,5.281898889479043,-0.3869229513572136,5.381175594226182,-0.8421726087068032,0.8062790613350208,0.981636488495081
1778685596.5727842,5.2416758978019065,-0.4475781632662556,5.381175594226182,-0.8421726087068032,0.8425819362966789,0.981636488495081
1778685596.5727842,5.2416758978019065,-0.4475781632662556,5.380416341011767,-0.8417682146460158,0.8425819362966789,0.981636488495081
1778685596.7165542,5.2708349872043385,-0.4372720018102486,5.380416341011767,-0.8417682146460158,0.8811657242811048,0.981636488495081
1778685596.7165542,5.2708349872043385,-0.4372720018102486,5.378738686438746,-0.8412829568448148,0.8811657242811048,0.981636488495081
1778685596.7165542,5.2708349872043385,-0.4372720018102486,5.377992480624961,-0.8409777079570658,0.8811657242811048,0.981636488495081
1778685596.842556,5.347638101944749,-0.44731577128071603,5.377992480624961,-0.8409777079570658,0.941851292712491,0.981636488495081
1778685596.842556,5.347638101944749,-0.44731577128071603,5.378057717628107,-0.8414734338222579,0.941851292712491,0.981636488495081
1778685596.9397357,5.19666208125967,-0.45411268318345993,5.378057717628107,-0.8414734338222579,0.9296503083242198,0.981636488495081
1778685596.9397357,5.19666208125967,-0.45411268318345993,5.3783812479484805,-0.8416325819664469,0.9296503083242198,0.981636488495081
1778685597.0508418,5.306428279398312,-0.4484346198904686,5.3783812479484805,-0.8416325819664469,0.9779620026752258,0.981636488495081
1778685597.0508418,5.306428279398312,-0.4484346198904686,5.378837831611785,-0.8412699094441854,0.9779620026752258,0.981636488495081
1778685597.0508418,5.306428279398312,-0.4484346198904686,5.378837831611785,-0.8412699094441854,0.9779620026752258,1.0052130191254876
1778685597.0508418,5.306428279398312,-0.4484346198904686,5.378837831611785,-0.8412699094441854,0.9779620026752258,1.0225644748836367
1778685597.0508418,5.306428279398312,-0.4484346198904686,5.378837831611785,-0.8412699094441854,0.9779620026752258,1.0349485229340536
1778685597.0508418,5.306428279398312,-0.4484346198904686,5.378837831611785,-0.8412699094441854,0.9779620026752258,1.0433989819307101
1778685597.0508418,5.306428279398312,-0.4484346198904686,5.378837831611785,-0.8412699094441854,0.9779620026752258,1.0487216569671507
1778685597.0508418,5.306428279398312,-0.4484346198904686,5.378837831611785,-0.8412699094441854,0.9779620026752258,1.0487216569671507
1778685597.0508418,5.306428279398312,-0.4484346198904686,5.378837831611785,-0.8412699094441854,0.9779620026752258,1.0487216569671507
1778685597.1919928,5.166286161102897,-0.4293436585968634,5.378837831611785,-0.8412699094441854,0.9526785146276179,1.0487216569671507
1778685597.1919928,5.166286161102897,-0.4293436585968634,5.379096124929013,-0.8409333317231826,0.9526785146276179,1.0487216569671507
1778685597.1919928,5.166286161102897,-0.4293436585968634,5.379096124929013,-0.8409333317231826,0.9526785146276179,1.0487216569671507
1778685597.3053195,5.20225284046294,-0.45816091491240196,5.379096124929013,-0.8409333317231826,0.9789380646055587,1.0487216569671507
1778685597.3053195,5.20225284046294,-0.45816091491240196,5.379367465646869,-0.840695899175218,0.9789380646055587,1.0487216569671507
1778685597.3053195,5.20225284046294,-0.45816091491240196,5.379367465646869,-0.840695899175218,0.9789380646055587,1.0588682169301837
1778685597.3994186,5.19396233753661,-0.45073291992645453,5.379367465646869,-0.840695899175218,0.9812140547768655,1.0588682169301837
1778685597.3994186,5.19396233753661,-0.45073291992645453,5.379466610819907,-0.8406828517745887,0.9812140547768655,1.0588682169301837
1778685597.3994186,5.19396233753661,-0.45073291992645453,5.379466610819907,-0.8406828517745887,0.9812140547768655,1.0590868033084864
1778685597.51662,5.157583975072254,-0.4449517687060747,5.379466610819907,-0.8406828517745887,0.9748350369360769,1.0590868033084864
1778685597.51662,5.157583975072254,-0.4449517687060747,5.379824049310173,-0.8403332266529564,0.9748350369360769,1.0590868033084864
1778685597.51662,5.157583975072254,-0.4449517687060747,5.379824049310173,-0.8403332266529564,0.9748350369360769,1.0601708212582184
1778685597.6144252,5.110355346872289,-0.42127940455121826,5.379824049310173,-0.8403332266529564,0.9635604448818957,1.0601708212582184
1778685597.6144252,5.110355346872289,-0.42127940455121826,5.380810267008563,-0.8393965438617274,0.9635604448818957,1.0601708212582184
1778685597.6144252,5.110355346872289,-0.42127940455121826,5.380810267008563,-0.8393965438617274,0.9635604448818957,1.0628028555823248
1778685597.6144252,5.110355346872289,-0.42127940455121826,5.382605272828526,-0.836941354641668,0.9635604448818957,1.0628028555823248
1778685597.7602534,5.14826384541778,-0.43448831947728467,5.382605272828526,-0.836941354641668,0.9755449901604805,1.0628028555823248
1778685597.7602534,5.14826384541778,-0.43448831947728467,5.382605272828526,-0.836941354641668,0.9755449901604805,1.0656705958369221
1778685597.7602534,5.14826384541778,-0.43448831947728467,5.384335041645342,-0.8339904395564162,0.9755449901604805,1.0656705958369221
1778685597.7602534,5.14826384541778,-0.43448831947728467,5.384335041645342,-0.8339904395564162,0.9755449901604805,1.0656664675186323
1778685597.8591518,5.159080190488652,-0.4334398326109049,5.384335041645342,-0.8339904395564162,0.9783562201960382,1.0656664675186323
1778685597.8591518,5.159080190488652,-0.4334398326109049,5.386422248952426,-0.8306898993495323,0.9783562201960382,1.0656664675186323
1778685597.8591518,5.159080190488652,-0.4334398326109049,5.386422248952426,-0.8306898993495323,0.9783562201960382,1.0654995796339597
1778685597.987515,5.1513058341662505,-0.45251342051336496,5.386422248952426,-0.8306898993495323,0.9794262272121168,1.0654995796339597
1778685597.987515,5.1513058341662505,-0.45251342051336496,5.389511300695166,-0.8250385491276228,0.9794262272121168,1.0654995796339597
1778685597.987515,5.1513058341662505,-0.45251342051336496,5.389511300695166,-0.8250385491276228,0.9794262272121168,1.068648602538879
1778685598.0829499,5.166426633974973,-0.4375670285581673,5.389511300695166,-0.8250385491276228,0.983892352619499,1.068648602538879
1778685598.0829499,5.166426633974973,-0.4375670285581673,5.393740484248489,-0.8173207770091737,0.983892352619499,1.068648602538879
1778685598.0829499,5.166426633974973,-0.4375670285581673,5.393740484248489,-0.8173207770091737,0.983892352619499,1.0691421313408151
1778685598.2202756,5.174591341676789,-0.4424996976927132,5.393740484248489,-0.8173207770091737,0.9898697865180534,1.0691421313408151
1778685598.2202756,5.174591341676789,-0.4424996976927132,5.398783689955382,-0.808890707246831,0.9898697865180534,1.0691421313408151
1778685598.2202756,5.174591341676789,-0.4424996976927132,5.398783689955382,-0.808890707246831,0.9898697865180534,1.069096962309602
1778685598.315111,5.150025892677844,-0.4260561016598458,5.398783689955382,-0.808890707246831,0.9821699062218094,1.069096962309602
1778685598.315111,5.150025892677844,-0.4260561016598458,5.403920806803317,-0.7996413812989225,0.9821699062218094,1.069096962309602
1778685598.420914,5.184572990696913,-0.42564332635995517,5.403920806803317,-0.7996413812989225,0.9929630246872367,1.069096962309602
1778685598.5119169,5.17106873728137,-0.42241303262847485,5.403920806803317,-0.7996413812989225,0.9903198261242039,1.069096962309602
1778685598.5119169,5.17106873728137,-0.42241303262847485,5.414372470076002,-0.7817245530407065,0.9903198261242039,1.069096962309602
1778685598.61729,5.19426558570696,-0.40892479871336357,5.414372470076002,-0.7817245530407065,0.9962364788857989,1.069096962309602
1778685598.61729,5.19426558570696,-0.40892479871336357,5.419754832840536,-0.7720395041987563,0.9962364788857989,1.069096962309602
1778685598.61729,5.19426558570696,-0.40892479871336357,5.42513719560507,-0.762354455356806,0.9962364788857989,1.069096962309602
1778685598.7595067,5.18840224861054,-0.3970089806681085,5.42513719560507,-0.762354455356806,0.9916548078824534,1.069096962309602
1778685598.8538458,5.184481094898314,-0.38293516469570615,5.42513719560507,-0.762354455356806,0.9899340913181711,1.069096962309602
1778685598.9453118,5.179131092238605,-0.3827671657924598,5.42513719560507,-0.762354455356806,0.9883797420578786,1.069096962309602
1778685599.0601802,5.183780106264594,-0.37212447967011303,5.42513719560507,-0.762354455356806,0.9898798251148988,1.069096962309602
1778685599.1517658,5.217876681119535,-0.3652327979854813,5.42513719560507,-0.762354455356806,0.9984260496809235,1.069096962309602
1778685599.1517658,5.217876681119535,-0.3652327979854813,5.430545653170862,-0.7528676968609331,0.9984260496809235,1.069096962309602
1778685599.1517658,5.217876681119535,-0.3652327979854813,5.436259359624403,-0.7426347325512739,0.9984260496809235,1.069096962309602
1778685599.1517658,5.217876681119535,-0.3652327979854813,5.436259359624403,-0.7426347325512739,0.9984260496809235,1.0709165830609682
1778685599.2616813,5.223736231540904,-0.3797961711213252,5.436259359624403,-0.7426347325512739,1.0003145766234744,1.0709165830609682
1778685599.2616813,5.223736231540904,-0.3797961711213252,5.4420643978823495,-0.7330957844528835,1.0003145766234744,1.0709165830609682
1778685599.2616813,5.223736231540904,-0.3797961711213252,5.4420643978823495,-0.7330957844528835,1.0003145766234744,1.071393405566661
1778685599.2616813,5.223736231540904,-0.3797961711213252,5.447718101364741,-0.7231733030629689,1.0003145766234744,1.071393405566661
1778685599.2616813,5.223736231540904,-0.3797961711213252,5.447718101364741,-0.7231733030629689,1.0003145766234744,1.0737667130668929
1778685599.2616813,5.223736231540904,-0.3797961711213252,5.453418760417653,-0.7128411935802714,1.0003145766234744,1.0737667130668929
1778685599.2616813,5.223736231540904,-0.3797961711213252,5.453418760417653,-0.7128411935802714,1.0003145766234744,1.0731530274548098
1778685599.2616813,5.223736231540904,-0.3797961711213252,5.453418760417653,-0.7128411935802714,1.0003145766234744,1.0738064014515818
1778685599.2616813,5.223736231540904,-0.3797961711213252,5.459946489024764,-0.7018959316267184,1.0003145766234744,1.0738064014515818
1778685599.2616813,5.223736231540904,-0.3797961711213252,5.459946489024764,-0.7018959316267184,1.0003145766234744,1.0742243134626144
1778685599.2616813,5.223736231540904,-0.3797961711213252,5.459946489024764,-0.7018959316267184,1.0003145766234744,1.0726058651569705
1778685599.2616813,5.223736231540904,-0.3797961711213252,5.459946489024764,-0.7018959316267184,1.0003145766234744,1.073694784105043
1778685599.2616813,5.223736231540904,-0.3797961711213252,5.459946489024764,-0.7018959316267184,1.0003145766234744,1.0733124658467068
1778685599.2616813,5.223736231540904,-0.3797961711213252,5.459946489024764,-0.7018959316267184,1.0003145766234744,1.0743002603121072
1778685599.4104671,5.220589284255261,-0.3325041017114477,5.459946489024764,-0.7018959316267184,0.9953048916889334,1.0743002603121072
1778685599.4104671,5.220589284255261,-0.3325041017114477,5.4663359302569505,-0.6906662815546795,0.9953048916889334,1.0743002603121072
1778685599.4104671,5.220589284255261,-0.3325041017114477,5.4663359302569505,-0.6906662815546795,0.9953048916889334,1.0736111287237116
1778685599.4104671,5.220589284255261,-0.3325041017114477,5.472798421860915,-0.6792252937359342,0.9953048916889334,1.0736111287237116
1778685599.526555,5.224346642144842,-0.33478477533361595,5.472798421860915,-0.6792252937359342,0.9946189318074481,1.0736111287237116
1778685599.526555,5.224346642144842,-0.33478477533361595,5.472798421860915,-0.6792252937359342,0.9946189318074481,1.0750352579941638
1778685599.526555,5.224346642144842,-0.33478477533361595,5.4806332437914325,-0.6651830159535697,0.9946189318074481,1.0750352579941638
1778685599.622235,5.226826602756277,-0.31301425605870054,5.4806332437914325,-0.6651830159535697,0.9932818889553278,1.0750352579941638
1778685599.622235,5.226826602756277,-0.31301425605870054,5.4806332437914325,-0.6651830159535697,0.9932818889553278,1.0738183535822368
1778685599.622235,5.226826602756277,-0.31301425605870054,5.488627213866139,-0.6508172078508314,0.9932818889553278,1.0738183535822368
1778685599.622235,5.226826602756277,-0.31301425605870054,5.488627213866139,-0.6508172078508314,0.9932818889553278,1.0742385018411957
1778685599.7277145,5.238657568791206,-0.31104781133672804,5.488627213866139,-0.6508172078508314,0.994242236081041,1.0742385018411957
1778685599.7277145,5.238657568791206,-0.31104781133672804,5.496475083197285,-0.6368740752415054,0.994242236081041,1.0742385018411957
1778685599.7277145,5.238657568791206,-0.31104781133672804,5.496475083197285,-0.6368740752415054,0.994242236081041,1.0726409108255333
1778685599.861941,5.2588257759623955,-0.31363784136122924,5.496475083197285,-0.6368740752415054,1.0014808765592358,1.0726409108255333
1778685599.861941,5.2588257759623955,-0.31363784136122924,5.503965514038166,-0.6232805677538117,1.0014808765592358,1.0726409108255333
1778685599.861941,5.2588257759623955,-0.31363784136122924,5.503965514038166,-0.6232805677538117,1.0014808765592358,1.074712441681662
1778685599.9805493,5.254946906264545,-0.2856117087731523,5.503965514038166,-0.6232805677538117,0.9944614394507553,1.074712441681662
1778685599.9805493,5.254946906264545,-0.2856117087731523,5.511878620372459,-0.6098331610096778,0.9944614394507553,1.074712441681662
1778685599.9805493,5.254946906264545,-0.2856117087731523,5.511878620372459,-0.6098331610096778,0.9944614394507553,1.072561022370467
1778685600.0832741,5.274337230350031,-0.27202245227039973,5.511878620372459,-0.6098331610096778,0.9974782800201892,1.072561022370467
1778685600.0832741,5.274337230350031,-0.27202245227039973,5.519269906040301,-0.5962527009226128,0.9974782800201892,1.072561022370467
1778685600.0832741,5.274337230350031,-0.27202245227039973,5.519269906040301,-0.5962527009226128,0.9974782800201892,1.0745634674846258
1778685600.1836345,5.283470975948873,-0.2624612026568748,5.519269906040301,-0.5962527009226128,1.0009436778838556,1.0745634674846258
1778685600.1836345,5.283470975948873,-0.2624612026568748,5.527010816829774,-0.5830296793258145,1.0009436778838556,1.0745634674846258
1778685600.1836345,5.283470975948873,-0.2624612026568748,5.527010816829774,-0.5830296793258145,1.0009436778838556,1.0744439217546609
1778685600.3028605,5.256914874388626,-0.21090146155259346,5.527010816829774,-0.5830296793258145,0.9858788762830966,1.0744439217546609
1778685600.3028605,5.256914874388626,-0.21090146155259346,5.534316004725207,-0.5695614118124176,0.9858788762830966,1.0744439217546609
1778685600.3028605,5.256914874388626,-0.21090146155259346,5.534316004725207,-0.5695614118124176,0.9858788762830966,1.0751082415846736
1778685600.3028605,5.256914874388626,-0.21090146155259346,5.5422030162582425,-0.5559157147222067,0.9858788762830966,1.0751082415846736
1778685600.3028605,5.256914874388626,-0.21090146155259346,5.5422030162582425,-0.5559157147222067,0.9858788762830966,1.0752804178560729
1778685600.451674,5.2802350776218265,-0.2232953259935507,5.5422030162582425,-0.5559157147222067,0.9947837700461428,1.0752804178560729
1778685600.451674,5.2802350776218265,-0.2232953259935507,5.549242097467813,-0.5434910885417111,0.9947837700461428,1.0752804178560729
1778685600.451674,5.2802350776218265,-0.2232953259935507,5.549242097467813,-0.5434910885417111,0.9947837700461428,1.0744885142307654
1778685600.5514927,5.305059444608507,-0.21534333176245354,5.549242097467813,-0.5434910885417111,0.9988729513740564,1.0744885142307654
1778685600.5514927,5.305059444608507,-0.21534333176245354,5.556479469023462,-0.5310403675599571,0.9988729513740564,1.0744885142307654
1778685600.5514927,5.305059444608507,-0.21534333176245354,5.556479469023462,-0.5310403675599571,0.9988729513740564,1.074474180957797
1778685600.6709976,5.314109836970401,-0.19487234778387938,5.556479469023462,-0.5310403675599571,0.9978282249249631,1.074474180957797
1778685600.7664604,5.331690215175357,-0.167488849996525,5.556479469023462,-0.5310403675599571,0.9996452422680977,1.074474180957797
1778685600.889619,5.320503242511534,-0.16900801624009817,5.556479469023462,-0.5310403675599571,0.9961455762339319,1.074474180957797
1778685600.889619,5.320503242511534,-0.16900801624009817,5.556479469023462,-0.5310403675599571,0.9961455762339319,1.0744908698113493
1778685600.889619,5.320503242511534,-0.16900801624009817,5.556479469023462,-0.5310403675599571,0.9961455762339319,1.0753139325605867
1778685600.889619,5.320503242511534,-0.16900801624009817,5.556479469023462,-0.5310403675599571,0.9961455762339319,1.0745146733386
1778685600.9985735,5.333524124679273,-0.1623827494110601,5.556479469023462,-0.5310403675599571,0.9965448920097298,1.0745146733386
1778685600.9985735,5.333524124679273,-0.1623827494110601,5.556479469023462,-0.5310403675599571,0.9965448920097298,1.0764512508024258
1778685601.0968099,5.358630541475252,-0.16405310922174568,5.556479469023462,-0.5310403675599571,1.0037536375457927,1.0764512508024258
1778685601.0968099,5.358630541475252,-0.16405310922174568,5.556479469023462,-0.5310403675599571,1.0037536375457927,1.0748124707325515
1778685601.2031534,5.361123041880043,-0.1315246016365154,5.556479469023462,-0.5310403675599571,0.9984648640610562,1.0748124707325515
1778685601.2031534,5.361123041880043,-0.1315246016365154,5.556479469023462,-0.5310403675599571,0.9984648640610562,1.0757516216982126
1778685601.2031534,5.361123041880043,-0.1315246016365154,5.563789890950891,-0.5183783088314967,0.9984648640610562,1.0757516216982126
1778685601.2031534,5.361123041880043,-0.1315246016365154,5.570802877359203,-0.5057553923049242,0.9984648640610562,1.0757516216982126
1778685601.2031534,5.361123041880043,-0.1315246016365154,5.578152441488519,-0.49339076909557933,0.9984648640610562,1.0757516216982126
1778685601.2031534,5.361123041880043,-0.1315246016365154,5.585337623441649,-0.4805434674216713,0.9984648640610562,1.0757516216982126
1778685601.2031534,5.361123041880043,-0.1315246016365154,5.593005483859344,-0.467531783571579,0.9984648640610562,1.0757516216982126
1778685601.2031534,5.361123041880043,-0.1315246016365154,5.600057612469545,-0.45520630256412187,0.9984648640610562,1.0757516216982126
1778685601.2031534,5.361123041880043,-0.1315246016365154,5.607501087739903,-0.4420224231692108,0.9984648640610562,1.0757516216982126
1778685601.2031534,5.361123041880043,-0.1315246016365154,5.607501087739903,-0.4420224231692108,0.9984648640610562,1.0733288803487702
1778685601.3308144,5.374847509773001,-0.12549854914675826,5.607501087739903,-0.4420224231692108,1.0030184736465961,1.0733288803487702
1778685601.470251,5.385888970507147,-0.09918803822612654,5.607501087739903,-0.4420224231692108,1.0026085620999539,1.0733288803487702
1778685601.5820048,5.396318979490374,-0.11058791869678726,5.607501087739903,-0.4420224231692108,1.0041713417170177,1.0733288803487702
1778685601.6746175,5.4218731724013525,-0.10506978377321866,5.607501087739903,-0.4420224231692108,1.0100073593730616,1.0733288803487702
1778685601.7823436,5.4161676283278295,-0.07067911603753828,5.607501087739903,-0.4420224231692108,1.001039967041069,1.0733288803487702
1778685601.9103138,5.427652521855136,-0.06677883261810075,5.607501087739903,-0.4420224231692108,1.0061169499579545,1.0733288803487702
1778685601.9103138,5.427652521855136,-0.06677883261810075,5.607501087739903,-0.4420224231692108,1.0061169499579545,1.0756918283251287
1778685601.9103138,5.427652521855136,-0.06677883261810075,5.607501087739903,-0.4420224231692108,1.0061169499579545,1.0736466957998465
1778685601.9103138,5.427652521855136,-0.06677883261810075,5.607501087739903,-0.4420224231692108,1.0061169499579545,1.076260507393058
1778685601.9103138,5.427652521855136,-0.06677883261810075,5.607501087739903,-0.4420224231692108,1.0061169499579545,1.0741551460945475
1778685601.9103138,5.427652521855136,-0.06677883261810075,5.607501087739903,-0.4420224231692108,1.0061169499579545,1.0756587050112378
1778685601.9103138,5.427652521855136,-0.06677883261810075,5.607501087739903,-0.4420224231692108,1.0061169499579545,1.0748716631128963
1778685602.0342486,5.43694651624333,-0.03966959652120704,5.607501087739903,-0.4420224231692108,1.0034364682399322,1.0748716631128963
1778685602.0342486,5.43694651624333,-0.03966959652120704,5.607501087739903,-0.4420224231692108,1.0034364682399322,1.0757918997107867
1778685602.1338232,5.445467343191285,-0.028493740753651308,5.607501087739903,-0.4420224231692108,1.0034125472532638,1.0757918997107867
1778685602.1338232,5.445467343191285,-0.028493740753651308,5.607501087739903,-0.4420224231692108,1.0034125472532638,1.0741470405836504
1778685602.2398105,5.46574432719347,-0.015138177900809296,5.607501087739903,-0.4420224231692108,1.0056595183314514,1.0741470405836504
1778685602.2398105,5.46574432719347,-0.015138177900809296,5.607501087739903,-0.4420224231692108,1.0056595183314514,1.0759464593362449
1778685602.2398105,5.46574432719347,-0.015138177900809296,5.614673222292406,-0.4290759763222647,1.0056595183314514,1.0759464593362449
1778685602.2398105,5.46574432719347,-0.015138177900809296,5.62219498196654,-0.4164869679655845,1.0056595183314514,1.0759464593362449
1778685602.2398105,5.46574432719347,-0.015138177900809296,5.629155778772336,-0.4034674707468582,1.0056595183314514,1.0759464593362449
1778685602.2398105,5.46574432719347,-0.015138177900809296,5.6363722895587225,-0.3916246682039637,1.0056595183314514,1.0759464593362449
1778685602.2398105,5.46574432719347,-0.015138177900809296,5.643113935249178,-0.37923918422535596,1.0056595183314514,1.0759464593362449
1778685602.2398105,5.46574432719347,-0.015138177900809296,5.649701666827441,-0.36798343935205846,1.0056595183314514,1.0759464593362449
1778685602.2398105,5.46574432719347,-0.015138177900809296,5.656422451748634,-0.3562058738123103,1.0056595183314514,1.0759464593362449
1778685602.2398105,5.46574432719347,-0.015138177900809296,5.662897990753229,-0.3448640311666036,1.0056595183314514,1.0759464593362449
1778685602.2398105,5.46574432719347,-0.015138177900809296,5.6695718201039,-0.3334960937196385,1.0056595183314514,1.0759464593362449
1778685602.2398105,5.46574432719347,-0.015138177900809296,5.676232602053942,-0.32202901109963467,1.0056595183314514,1.0759464593362449
1778685602.2398105,5.46574432719347,-0.015138177900809296,5.676232602053942,-0.32202901109963467,1.0056595183314514,1.0740396546980986
1778685602.3650153,5.460270049982651,-0.005310475499803033,5.676232602053942,-0.32202901109963467,1.0008387440086122,1.0740396546980986
1778685602.3650153,5.460270049982651,-0.005310475499803033,5.682906431404615,-0.3106610736526697,1.0008387440086122,1.0740396546980986
1778685602.3650153,5.460270049982651,-0.005310475499803033,5.689567213354656,-0.2991939910326664,1.0008387440086122,1.0740396546980986
1778685602.3650153,5.460270049982651,-0.005310475499803033,5.689567213354656,-0.2991939910326664,1.0008387440086122,1.0740038645668923
1778685602.5744908,5.474813176388448,0.025729252630575503,5.689567213354656,-0.2991939910326664,1.0015535051365416,1.0740038645668923
1778685602.5744908,5.474813176388448,0.025729252630575503,5.696387143448888,-0.28740337809228855,1.0015535051365416,1.0740038645668923
1778685602.5744908,5.474813176388448,0.025729252630575503,5.696387143448888,-0.28740337809228855,1.0015535051365416,1.0761096680682807
1778685602.6784658,5.501720519370683,0.02618365940036756,5.696387143448888,-0.28740337809228855,1.0088374049966147,1.0761096680682807
1778685602.6784658,5.501720519370683,0.02618365940036756,5.703173165373228,-0.276121538417733,1.0088374049966147,1.0761096680682807
1778685602.6784658,5.501720519370683,0.02618365940036756,5.703173165373228,-0.276121538417733,1.0088374049966147,1.0739270268121504
1778685602.8016744,5.489145712122178,0.045601167482447635,5.703173165373228,-0.276121538417733,1.0006132435319273,1.0739270268121504
1778685602.8016744,5.489145712122178,0.045601167482447635,5.709622609576565,-0.2645814054259493,1.0006132435319273,1.0739270268121504
1778685602.8016744,5.489145712122178,0.045601167482447635,5.709622609576565,-0.2645814054259493,1.0006132435319273,1.0761550795965695
1778685602.8016744,5.489145712122178,0.045601167482447635,5.716335581129123,-0.25351090349809957,1.0006132435319273,1.0761550795965695
1778685602.9241617,5.509777946340153,0.047408899221870346,5.716335581129123,-0.25351090349809957,1.0074603218202538,1.0761550795965695
1778685602.9241617,5.509777946340153,0.047408899221870346,5.716335581129123,-0.25351090349809957,1.0074603218202538,1.0745004000375735
1778685602.9241617,5.509777946340153,0.047408899221870346,5.722811120133719,-0.2421690608523928,1.0074603218202538,1.0745004000375735
1778685602.9241617,5.509777946340153,0.047408899221870346,5.722811120133719,-0.2421690608523928,1.0074603218202538,1.0754688777890913
1778685603.06745,5.5299278522568285,0.059376422049806026,5.722811120133719,-0.2421690608523928,1.009911547962026,1.0754688777890913
1778685603.06745,5.5299278522568285,0.059376422049806026,5.728869217676897,-0.2314873262480628,1.009911547962026,1.0754688777890913
1778685603.06745,5.5299278522568285,0.059376422049806026,5.728869217676897,-0.2314873262480628,1.009911547962026,1.074102811537909
1778685603.200325,5.529091641947797,0.07931208464403017,5.728869217676897,-0.2314873262480628,1.0042967784757932,1.074102811537909
1778685603.200325,5.529091641947797,0.07931208464403017,5.735396946284009,-0.22054206429450987,1.0042967784757932,1.074102811537909
1778685603.200325,5.529091641947797,0.07931208464403017,5.735396946284009,-0.22054206429450987,1.0042967784757932,1.0737766631169443
1778685603.3026898,5.541900855031358,0.10283144376683413,5.735396946284009,-0.22054206429450987,1.0069612507801424,1.0737766631169443
1778685603.3026898,5.541900855031358,0.10283144376683413,5.741165421676706,-0.2091924082801693,1.0069612507801424,1.0737766631169443
1778685603.3026898,5.541900855031358,0.10283144376683413,5.741165421676706,-0.2091924082801693,1.0069612507801424,1.0757026142003172
1778685603.3026898,5.541900855031358,0.10283144376683413,5.747460951767848,-0.1987820143936965,1.0069612507801424,1.0757026142003172
1778685603.4338067,5.5474019940503405,0.09543916416537013,5.747460951767848,-0.1987820143936965,1.0067640466738932,1.0757026142003172
1778685603.4338067,5.5474019940503405,0.09543916416537013,5.747460951767848,-0.1987820143936965,1.0067640466738932,1.0751569380133328
1778685603.4338067,5.5474019940503405,0.09543916416537013,5.7534799071091385,-0.1878028442702512,1.0067640466738932,1.0751569380133328
1778685603.4338067,5.5474019940503405,0.09543916416537013,5.7534799071091385,-0.1878028442702512,1.0067640466738932,1.075217087719999
1778685603.5860348,5.554345812465992,0.13618116856735196,5.7534799071091385,-0.1878028442702512,1.0043114762930458,1.075217087719999
1778685603.5860348,5.554345812465992,0.13618116856735196,5.759749342399022,-0.1771941600377013,1.0043114762930458,1.075217087719999
1778685603.5860348,5.554345812465992,0.13618116856735196,5.759749342399022,-0.1771941600377013,1.0043114762930458,1.075217087719999
1778685603.6902406,5.557338173646113,0.13994487509350073,5.759749342399022,-0.1771941600377013,1.0021292650766658,1.075217087719999
1778685603.6902406,5.557338173646113,0.13994487509350073,5.765502191054451,-0.16725863124715737,1.0021292650766658,1.075217087719999
1778685603.6902406,5.557338173646113,0.13994487509350073,5.765502191054451,-0.16725863124715737,1.0021292650766658,1.075286329345387
1778685603.8259208,5.567207952187385,0.14373182799219558,5.765502191054451,-0.16725863124715737,1.0057420520011398,1.075286329345387
1778685603.8259208,5.567207952187385,0.14373182799219558,5.772395171520464,-0.15525668056007383,1.0057420520011398,1.075286329345387
1778685603.8259208,5.567207952187385,0.14373182799219558,5.772395171520464,-0.15525668056007383,1.0057420520011398,1.073948478721593
1778685603.8259208,5.567207952187385,0.14373182799219558,5.778367171291233,-0.14468713852941165,1.0057420520011398,1.073948478721593
1778685603.9364765,5.56258374766214,0.17686334319250044,5.778367171291233,-0.14468713852941165,0.9993243185596677,1.073948478721593
1778685603.9364765,5.56258374766214,0.17686334319250044,5.783611246680841,-0.13471770156897547,0.9993243185596677,1.073948478721593
1778685603.9364765,5.56258374766214,0.17686334319250044,5.783611246680841,-0.13471770156897547,0.9993243185596677,1.074641173901748
1778685603.9364765,5.56258374766214,0.17686334319250044,5.783611246680841,-0.13471770156897547,0.9993243185596677,1.0761399757297634
1778685604.0585973,5.579310357530493,0.1810711973082107,5.783611246680841,-0.13471770156897547,1.0030905603168454,1.0761399757297634
1778685604.0585973,5.579310357530493,0.1810711973082107,5.789979827143763,-0.1240959699357962,1.0030905603168454,1.0761399757297634
1778685604.0585973,5.579310357530493,0.1810711973082107,5.789979827143763,-0.1240959699357962,1.0030905603168454,1.076208364634548
1778685604.1787794,5.584383741687346,0.18377788874876114,5.789979827143763,-0.1240959699357962,1.0021472313024253,1.076208364634548
1778685604.1787794,5.584383741687346,0.18377788874876114,5.795998782485053,-0.11311679981235113,1.0021472313024253,1.076208364634548
1778685604.1787794,5.584383741687346,0.18377788874876114,5.795998782485053,-0.11311679981235113,1.0021472313024253,1.0769917883776092
1778685604.2981112,5.596666860113081,0.22400945194587893,5.795998782485053,-0.11311679981235113,1.000539258987281,1.0769917883776092
1778685604.2981112,5.596666860113081,0.22400945194587893,5.802268217774937,-0.10250811557980123,1.000539258987281,1.0769917883776092
1778685604.2981112,5.596666860113081,0.22400945194587893,5.802268217774937,-0.10250811557980123,1.000539258987281,1.0754064301279762
1778685604.399629,5.606215758789588,0.228522014472509,5.802268217774937,-0.10250811557980123,1.0022840895876999,1.0754064301279762
1778685604.399629,5.606215758789588,0.228522014472509,5.808511558263564,-0.09170114100117434,1.0022840895876999,1.0754064301279762
1778685604.399629,5.606215758789588,0.228522014472509,5.808511558263564,-0.09170114100117434,1.0022840895876999,1.0767913214421425
1778685604.510648,5.601119588173994,0.22483015346358023,5.808511558263564,-0.09170114100117434,1.0008453210615347,1.0767913214421425
1778685604.510648,5.601119588173994,0.22483015346358023,5.815801119421729,-0.07964700071157406,1.0008453210615347,1.0767913214421425
1778685604.510648,5.601119588173994,0.22483015346358023,5.815801119421729,-0.07964700071157406,1.0008453210615347,1.0750752630920009
1778685604.6535363,5.624816274692002,0.23659967295645584,5.815801119421729,-0.07964700071157406,1.0071034311468579,1.0750752630920009
1778685604.6535363,5.624816274692002,0.23659967295645584,5.828809621065431,-0.05816610489725107,1.0071034311468579,1.0750752630920009
1778685604.6535363,5.624816274692002,0.23659967295645584,5.828809621065431,-0.05816610489725107,1.0071034311468579,1.0742665320941323
1778685604.7741265,5.628764022632978,0.2603483824295545,5.828809621065431,-0.05816610489725107,1.0025025435469221,1.0742665320941323
1778685604.7741265,5.628764022632978,0.2603483824295545,5.834596377890753,-0.047721802840885695,1.0025025435469221,1.0742665320941323
1778685604.7741265,5.628764022632978,0.2603483824295545,5.834596377890753,-0.047721802840885695,1.0025025435469221,1.0761269299605882
1778685604.899555,5.654684399346901,0.25149118085954253,5.834596377890753,-0.047721802840885695,1.010756656806446,1.0761269299605882
1778685604.899555,5.654684399346901,0.25149118085954253,5.840831905010745,-0.03762189187415701,1.010756656806446,1.0761269299605882
1778685604.899555,5.654684399346901,0.25149118085954253,5.840831905010745,-0.03762189187415701,1.010756656806446,1.0754054813567262
1778685605.0078886,5.663608993268595,0.2809980796264013,5.840831905010745,-0.03762189187415701,1.0070417767414643,1.0754054813567262
1778685605.0078886,5.663608993268595,0.2809980796264013,5.847286583246076,-0.026887967667310296,1.0070417767414643,1.0754054813567262
1778685605.0078886,5.663608993268595,0.2809980796264013,5.847286583246076,-0.026887967667310296,1.0070417767414643,1.075736505815794
1778685605.0078886,5.663608993268595,0.2809980796264013,5.853352494157888,-0.015499169451082115,1.0070417767414643,1.075736505815794
1778685605.0078886,5.663608993268595,0.2809980796264013,5.853352494157888,-0.015499169451082115,1.0070417767414643,1.0752212167594808
1778685605.1571498,5.64993457566281,0.29413693741836366,5.853352494157888,-0.015499169451082115,1.0034390842360266,1.0752212167594808
1778685605.1571498,5.64993457566281,0.29413693741836366,5.859945459768145,-0.00504963336272137,1.0034390842360266,1.0752212167594808
1778685605.1571498,5.64993457566281,0.29413693741836366,5.859945459768145,-0.00504963336272137,1.0034390842360266,1.0706573616177384
1778685605.2755952,5.665023482600458,0.2962418823168591,5.859945459768145,-0.00504963336272137,1.0038600769002806,1.0706573616177384
1778685605.2755952,5.665023482600458,0.2962418823168591,5.866123563253626,0.006253067081097611,1.0038600769002806,1.0706573616177384
1778685605.3726594,5.68599078753311,0.29800300977399274,5.866123563253626,0.006253067081097611,1.0111339702072946,1.0706573616177384
1778685605.3726594,5.68599078753311,0.29800300977399274,5.872729576264512,0.016603457996419914,1.0111339702072946,1.0706573616177384
1778685605.4836195,5.684433529823571,0.3141881048929413,5.872729576264512,0.016603457996419914,1.00621740022212,1.0706573616177384
1778685605.4836195,5.684433529823571,0.3141881048929413,5.879098156727435,0.02722518962959917,1.00621740022212,1.0706573616177384
1778685605.5901008,5.703043280467631,0.3344698581449893,5.879098156727435,0.02722518962959917,1.007672120925353,1.0706573616177384
1778685605.5901008,5.703043280467631,0.3344698581449893,5.885526740161509,0.03815740418252287,1.007672120925353,1.0706573616177384
1778685605.718739,5.689063206156408,0.35888730900522026,5.885526740161509,0.03815740418252287,0.9953945797685168,1.0706573616177384
1778685605.718739,5.689063206156408,0.35888730900522026,5.891657888076467,0.04905047653355885,0.9953945797685168,1.0706573616177384
1778685605.8181605,5.695609495825687,0.38459920901134226,5.891657888076467,0.04905047653355885,0.9992246317926503,1.0706573616177384
1778685605.8181605,5.695609495825687,0.38459920901134226,5.897525508642202,0.06041317994852855,0.9992246317926503,1.0706573616177384
1778685605.8181605,5.695609495825687,0.38459920901134226,5.903445318810454,0.07137930267134461,0.9992246317926503,1.0706573616177384
1778685605.952952,5.6909549246713915,0.3831240581599386,5.903445318810454,0.07137930267134461,0.9970678022430269,1.0706573616177384
1778685605.952952,5.6909549246713915,0.3831240581599386,5.903445318810454,0.07137930267134461,0.9970678022430269,1.0745766764962605
1778685605.952952,5.6909549246713915,0.3831240581599386,5.903445318810454,0.07137930267134461,0.9970678022430269,1.0751163996931565
1778685605.952952,5.6909549246713915,0.3831240581599386,5.903445318810454,0.07137930267134461,0.9970678022430269,1.0794444780821524
1778685605.952952,5.6909549246713915,0.3831240581599386,5.903445318810454,0.07137930267134461,0.9970678022430269,1.0894653067907838
1778685605.952952,5.6909549246713915,0.3831240581599386,5.903445318810454,0.07137930267134461,0.9970678022430269,1.095767259818926
1778685605.952952,5.6909549246713915,0.3831240581599386,5.903445318810454,0.07137930267134461,0.9970678022430269,1.1017902285053955
1778685605.952952,5.6909549246713915,0.3831240581599386,5.903445318810454,0.07137930267134461,0.9970678022430269,1.109726437952853
1778685606.0732303,5.730640835858114,0.38304961570100704,5.903445318810454,0.07137930267134461,1.0195577499713864,1.109726437952853
1778685606.0732303,5.730640835858114,0.38304961570100704,5.909503416353632,0.08206103727567436,1.0195577499713864,1.109726437952853
1778685606.0732303,5.730640835858114,0.38304961570100704,5.909503416353632,0.08206103727567436,1.0195577499713864,1.1166962450134756
1778685606.0732303,5.730640835858114,0.38304961570100704,5.914948361425956,0.09356984143420409,1.0195577499713864,1.1166962450134756
1778685606.0732303,5.730640835858114,0.38304961570100704,5.914948361425956,0.09356984143420409,1.0195577499713864,1.1233356191904422
1778685606.2054949,5.754596237487278,0.4078864795715467,5.914948361425956,0.09356984143420409,1.0304009258442368,1.1233356191904422
1778685606.2054949,5.754596237487278,0.4078864795715467,5.920842076792948,0.10473425450309669,1.0304009258442368,1.1233356191904422
1778685606.2054949,5.754596237487278,0.4078864795715467,5.920842076792948,0.10473425450309669,1.0304009258442368,1.1293721061529454
1778685606.2054949,5.754596237487278,0.4078864795715467,5.926589691416383,0.11547599207857727,1.0304009258442368,1.1293721061529454
1778685606.3418775,5.754148991361402,0.41520304584580436,5.926589691416383,0.11547599207857727,1.0398369733654729,1.1293721061529454
1778685606.3418775,5.754148991361402,0.41520304584580436,5.926589691416383,0.11547599207857727,1.0398369733654729,1.1395021358144632
1778685606.3418775,5.754148991361402,0.41520304584580436,5.932159876463002,0.12679955329165934,1.0398369733654729,1.1395021358144632
1778685606.3418775,5.754148991361402,0.41520304584580436,5.932159876463002,0.12679955329165934,1.0398369733654729,1.143854262590762
1778685606.4747763,5.755286366454588,0.43353381711002614,5.932159876463002,0.12679955329165934,1.042430812650036,1.143854262590762
1778685606.4747763,5.755286366454588,0.43353381711002614,5.937722248140987,0.1374160508928429,1.042430812650036,1.143854262590762
1778685606.4747763,5.755286366454588,0.43353381711002614,5.937722248140987,0.1374160508928429,1.042430812650036,1.144493142266174
1778685606.6104393,5.759528114572226,0.456899984003006,5.937722248140987,0.1374160508928429,1.0558297841234512,1.144493142266174
1778685606.6104393,5.759528114572226,0.456899984003006,5.9429558554666055,0.14899790542315247,1.0558297841234512,1.144493142266174
1778685606.6104393,5.759528114572226,0.456899984003006,5.9429558554666055,0.14899790542315247,1.0558297841234512,1.1579083850054899
1778685606.6104393,5.759528114572226,0.456899984003006,5.94821555759348,0.16038146960738506,1.0558297841234512,1.1579083850054899
1778685606.6104393,5.759528114572226,0.456899984003006,5.94821555759348,0.16038146960738506,1.0558297841234512,1.1630532261789084
1778685606.7840233,5.771177544365333,0.46872866503048455,5.94821555759348,0.16038146960738506,1.06214140158079,1.1630532261789084
1778685606.7840233,5.771177544365333,0.46872866503048455,5.953978798954181,0.17253733440666216,1.06214140158079,1.1630532261789084
1778685606.7840233,5.771177544365333,0.46872866503048455,5.953978798954181,0.17253733440666216,1.06214140158079,1.1694142452382883
1778685606.9109466,5.777201360652288,0.495521545824884,5.953978798954181,0.17253733440666216,1.0734535259044469,1.1694142452382883
1778685606.9109466,5.777201360652288,0.495521545824884,5.958536671501153,0.18312250317459197,1.0734535259044469,1.1694142452382883
1778685606.9109466,5.777201360652288,0.495521545824884,5.958536671501153,0.18312250317459197,1.0734535259044469,1.177967605930743
1778685606.9109466,5.777201360652288,0.495521545824884,5.963605896650586,0.1951870361694644,1.0734535259044469,1.177967605930743
1778685606.9109466,5.777201360652288,0.495521545824884,5.963605896650586,0.1951870361694644,1.0734535259044469,1.186675824371129
1778685607.0627182,5.802949129312033,0.5175004946219574,5.963605896650586,0.1951870361694644,1.0868067556183403,1.186675824371129
1778685607.0627182,5.802949129312033,0.5175004946219574,5.9688134091749445,0.20696718104585063,1.0868067556183403,1.186675824371129
1778685607.1898284,5.817638881806745,0.5319802462518938,5.9688134091749445,0.20696718104585063,1.0985791047659959,1.186675824371129
1778685607.1898284,5.817638881806745,0.5319802462518938,5.97277117665169,0.21828027419494153,1.0985791047659959,1.186675824371129
1778685607.1898284,5.817638881806745,0.5319802462518938,5.977430773708339,0.23039176276033543,1.0985791047659959,1.186675824371129
1778685607.355237,5.820023609489207,0.5398535417110525,5.977430773708339,0.23039176276033543,1.1071646267210031,1.186675824371129
1778685607.355237,5.820023609489207,0.5398535417110525,5.981639021133679,0.24133437001853106,1.1071646267210031,1.186675824371129
1778685607.4594104,5.824820481051444,0.5661602024950525,5.981639021133679,0.24133437001853106,1.1228148986860942,1.186675824371129
1778685607.4594104,5.824820481051444,0.5661602024950525,5.985988135270585,0.2535058615550758,1.1228148986860942,1.186675824371129
1778685607.5797539,5.858039139091424,0.5779324746040274,5.985988135270585,0.2535058615550758,1.1386785067283995,1.186675824371129
1778685607.5797539,5.858039139091424,0.5779324746040274,5.990209430096555,0.2643493236402331,1.1386785067283995,1.186675824371129
1778685607.69482,5.826592279244785,0.5956328841124059,5.990209430096555,0.2643493236402331,1.1346165034488431,1.186675824371129
1778685607.69482,5.826592279244785,0.5956328841124059,5.9946290152686,0.2752188805266489,1.1346165034488431,1.186675824371129
1778685607.69482,5.826592279244785,0.5956328841124059,5.998892031633095,0.28727817948952583,1.1346165034488431,1.186675824371129
1778685607.8336618,5.863722339022912,0.6000205166436272,5.998892031633095,0.28727817948952583,1.159310225063792,1.186675824371129
1778685607.8336618,5.863722339022912,0.6000205166436272,6.003533347257119,0.3002950220128947,1.159310225063792,1.186675824371129
1778685607.8336618,5.863722339022912,0.6000205166436272,6.003533347257119,0.3002950220128947,1.159310225063792,1.1924937769481263
1778685607.8336618,5.863722339022912,0.6000205166436272,6.003533347257119,0.3002950220128947,1.159310225063792,1.2015772665810893
1778685607.8336618,5.863722339022912,0.6000205166436272,6.003533347257119,0.3002950220128947,1.159310225063792,1.2082567211526174
1778685607.8336618,5.863722339022912,0.6000205166436272,6.003533347257119,0.3002950220128947,1.159310225063792,1.2159242432199922
1778685607.8336618,5.863722339022912,0.6000205166436272,6.003533347257119,0.3002950220128947,1.159310225063792,1.2222662335683145
1778685607.8336618,5.863722339022912,0.6000205166436272,6.003533347257119,0.3002950220128947,1.159310225063792,1.2296663101518777
1778685607.8336618,5.863722339022912,0.6000205166436272,6.003533347257119,0.3002950220128947,1.159310225063792,1.2369696851968623
1778685607.8336618,5.863722339022912,0.6000205166436272,6.003533347257119,0.3002950220128947,1.159310225063792,1.2429887484500546
1778685607.8336618,5.863722339022912,0.6000205166436272,6.003533347257119,0.3002950220128947,1.159310225063792,1.2499684314568233
1778685607.9842122,5.876213730943473,0.6276038971007165,6.003533347257119,0.3002950220128947,1.169658403439963,1.2499684314568233
1778685607.9842122,5.876213730943473,0.6276038971007165,6.008279042086178,0.3125187031519562,1.169658403439963,1.2499684314568233
1778685607.9842122,5.876213730943473,0.6276038971007165,6.008279042086178,0.3125187031519562,1.169658403439963,1.263590745750544
1778685608.1102467,5.864028886125205,0.6434517121302828,6.008279042086178,0.3125187031519562,1.1725341322629157,1.263590745750544
1778685608.1102467,5.864028886125205,0.6434517121302828,6.01251072961742,0.32558250124584664,1.1725341322629157,1.263590745750544
1778685608.1102467,5.864028886125205,0.6434517121302828,6.01251072961742,0.32558250124584664,1.1725341322629157,1.272473275772833
1778685608.1102467,5.864028886125205,0.6434517121302828,6.016760698581285,0.33774094538176186,1.1725341322629157,1.272473275772833
1778685608.2441015,5.871534679497152,0.6674457620503726,6.016760698581285,0.33774094538176186,1.1862767107564707,1.272473275772833
1778685608.2441015,5.871534679497152,0.6674457620503726,6.016760698581285,0.33774094538176186,1.1862767107564707,1.283431062769868
1778685608.2441015,5.871534679497152,0.6674457620503726,6.02126896086238,0.3502359672386804,1.1862767107564707,1.283431062769868
1778685608.2441015,5.871534679497152,0.6674457620503726,6.02126896086238,0.3502359672386804,1.1862767107564707,1.2926616491416232
1778685608.4088356,5.873322909438891,0.6743205170793135,6.02126896086238,0.3502359672386804,1.1959021342098406,1.2926616491416232
1778685608.4088356,5.873322909438891,0.6743205170793135,6.025414550621212,0.3631875727589032,1.1959021342098406,1.2926616491416232
1778685608.4088356,5.873322909438891,0.6743205170793135,6.025414550621212,0.3631875727589032,1.1959021342098406,1.3018939584874707
1778685608.4088356,5.873322909438891,0.6743205170793135,6.030128916617016,0.3764157530289782,1.1959021342098406,1.3018939584874707
1778685608.4088356,5.873322909438891,0.6743205170793135,6.030128916617016,0.3764157530289782,1.1959021342098406,1.3153115067527674
1778685608.5648959,5.88915394014965,0.6988447502369659,6.030128916617016,0.3764157530289782,1.2147838365280779,1.3153115067527674
1778685608.5648959,5.88915394014965,0.6988447502369659,6.033353525680606,0.3879349498927797,1.2147838365280779,1.3153115067527674
1778685608.5648959,5.88915394014965,0.6988447502369659,6.033353525680606,0.3879349498927797,1.2147838365280779,1.3246667981677922
1778685608.697592,5.865190486408402,0.7175514041867678,6.033353525680606,0.3879349498927797,1.2153707620864074,1.3246667981677922
1778685608.697592,5.865190486408402,0.7175514041867678,6.037274730292103,0.4010587509578209,1.2153707620864074,1.3246667981677922
1778685608.697592,5.865190486408402,0.7175514041867678,6.037274730292103,0.4010587509578209,1.2153707620864074,1.3374423966985935
1778685608.697592,5.865190486408402,0.7175514041867678,6.041083742329932,0.4142686497952713,1.2153707620864074,1.3374423966985935
1778685608.8342886,5.892720369311328,0.7421296399680846,6.041083742329932,0.4142686497952713,1.2353491827505445,1.3374423966985935
1778685608.8342886,5.892720369311328,0.7421296399680846,6.041083742329932,0.4142686497952713,1.2353491827505445,1.3485661292876243
1778685608.8342886,5.892720369311328,0.7421296399680846,6.043875207836119,0.4275463649725059,1.2353491827505445,1.3485661292876243
1778685608.8342886,5.892720369311328,0.7421296399680846,6.043875207836119,0.4275463649725059,1.2353491827505445,1.3600774339551516
1778685609.0024874,5.900558171606725,0.7442744130085858,6.043875207836119,0.4275463649725059,1.250530348518245,1.3600774339551516
1778685609.0024874,5.900558171606725,0.7442744130085858,6.047042393265196,0.44026835131339803,1.250530348518245,1.3600774339551516
1778685609.0024874,5.900558171606725,0.7442744130085858,6.047042393265196,0.44026835131339803,1.250530348518245,1.3718527778101086
1778685609.0024874,5.900558171606725,0.7442744130085858,6.049839092803378,0.4527398577056961,1.250530348518245,1.3718527778101086
1778685609.0024874,5.900558171606725,0.7442744130085858,6.049839092803378,0.4527398577056961,1.250530348518245,1.3765614071943555
1778685609.1599617,5.9128319773650855,0.7731250348640901,6.049839092803378,0.4527398577056961,1.2764032206104188,1.3765614071943555
1778685609.1599617,5.9128319773650855,0.7731250348640901,6.05195482353092,0.4650208871205511,1.2764032206104188,1.3765614071943555
1778685609.1599617,5.9128319773650855,0.7731250348640901,6.05195482353092,0.4650208871205511,1.2764032206104188,1.3811362283637483
1778685609.292616,5.911874377576713,0.8037766506300964,6.05195482353092,0.4650208871205511,1.2940276144316214,1.3811362283637483
1778685609.292616,5.911874377576713,0.8037766506300964,6.053251373431615,0.4735630740978425,1.2940276144316214,1.3811362283637483
1778685609.292616,5.911874377576713,0.8037766506300964,6.053251373431615,0.4735630740978425,1.2940276144316214,1.3811486062389282
1778685609.292616,5.911874377576713,0.8037766506300964,6.053256532104892,0.4765896188915123,1.2940276144316214,1.3811486062389282
1778685609.292616,5.911874377576713,0.8037766506300964,6.053256532104892,0.4765896188915123,1.2940276144316214,1.3867052854765707
1778685609.5007434,5.92363094291301,0.8153794068241446,6.053256532104892,0.4765896188915123,1.3144488378757873,1.3867052854765707
1778685609.6199644,5.927412489215867,0.841985368126503,6.053256532104892,0.4765896188915123,1.3286012806114762,1.3867052854765707
1778685609.6199644,5.927412489215867,0.841985368126503,6.053906172082277,0.47778459499996895,1.3286012806114762,1.3867052854765707
1778685609.6199644,5.927412489215867,0.841985368126503,6.053906172082277,0.47778459499996895,1.3286012806114762,1.3867709869535372
1778685609.6199644,5.927412489215867,0.841985368126503,6.053833121710498,0.4775732572532629,1.3286012806114762,1.3867709869535372
1778685609.6199644,5.927412489215867,0.841985368126503,6.053833121710498,0.4775732572532629,1.3286012806114762,1.386768940399753
1778685609.7477074,5.947664525694063,0.8392724253999654,6.053833121710498,0.4775732572532629,1.33519346943468,1.386768940399753
1778685609.7477074,5.947664525694063,0.8392724253999654,6.0538200743098685,0.47767240242630127,1.33519346943468,1.386768940399753
1778685609.7477074,5.947664525694063,0.8392724253999654,6.0538200743098685,0.47767240242630127,1.33519346943468,1.3867592509047777
1778685609.7477074,5.947664525694063,0.8392724253999654,6.0538200743098685,0.47767240242630127,1.33519346943468,1.3867592509047777
1778685609.7477074,5.947664525694063,0.8392724253999654,6.0538200743098685,0.47767240242630127,1.33519346943468,1.3866894509939665
1778685609.861802,5.937302274640568,0.8563626066843931,6.0538200743098685,0.47767240242630127,1.3331930508006333,1.3866894509939665
1778685609.861802,5.937302274640568,0.8563626066843931,6.053833121710498,0.4775732572532629,1.3331930508006333,1.3866894509939665
1778685609.861802,5.937302274640568,0.8563626066843931,6.053833121710498,0.4775732572532629,1.3331930508006333,1.3867610362736118
1778685609.861802,5.937302274640568,0.8563626066843931,6.0538200743098685,0.47767240242630127,1.3331930508006333,1.3867610362736118
1778685609.861802,5.937302274640568,0.8563626066843931,6.0538200743098685,0.47767240242630127,1.3331930508006333,1.3868641195938738
1778685610.0244124,5.941009814379427,0.8660733762957789,6.0538200743098685,0.47767240242630127,1.335057226788567,1.3868641195938738
1778685610.0244124,5.941009814379427,0.8660733762957789,6.053833121710498,0.4775732572532629,1.335057226788567,1.3868641195938738
1778685610.0244124,5.941009814379427,0.8660733762957789,6.053833121710498,0.4775732572532629,1.335057226788567,1.3867649847885624
1778685610.1652122,5.922311047342204,0.8540766966109832,6.053833121710498,0.4775732572532629,1.3316135793861408,1.3867649847885624
1778685610.1652122,5.922311047342204,0.8540766966109832,6.0538200743098685,0.47767240242630127,1.3316135793861408,1.3867649847885624
1778685610.1652122,5.922311047342204,0.8540766966109832,6.0538200743098685,0.47767240242630127,1.3316135793861408,1.3867610362736118
1778685610.2852516,5.93326035981068,0.8578060526258264,6.0538200743098685,0.47767240242630127,1.334459583277546,1.3867610362736118
1778685610.2852516,5.93326035981068,0.8578060526258264,6.053833121710498,0.4775732572532629,1.334459583277546,1.3867610362736118
1778685610.2852516,5.93326035981068,0.8578060526258264,6.053833121710498,0.4775732572532629,1.334459583277546,1.3866875497454159
1778685610.3999064,5.943254824387753,0.8689149190130242,6.053833121710498,0.4775732572532629,1.3354504341409117,1.3866875497454159
1778685610.3999064,5.943254824387753,0.8689149190130242,6.053833121710498,0.4775732572532629,1.3354504341409117,1.3866875497454159
1778685610.3999064,5.943254824387753,0.8689149190130242,6.053833121710498,0.4775732572532629,1.3354504341409117,1.386592481020487
1778685610.3999064,5.943254824387753,0.8689149190130242,6.053833121710498,0.4775732572532629,1.3354504341409117,1.386592481020487
1778685610.3999064,5.943254824387753,0.8689149190130242,6.053833121710498,0.4775732572532629,1.3354504341409117,1.3865904385162378
1778685610.5977826,5.9424573829787715,0.8555400745699308,6.053833121710498,0.4775732572532629,1.3373510828875612,1.3865904385162378
1778685610.5977826,5.9424573829787715,0.8555400745699308,6.0538200743098685,0.47767240242630127,1.3373510828875612,1.3865904385162378
1778685610.5977826,5.9424573829787715,0.8555400745699308,6.0538200743098685,0.47767240242630127,1.3373510828875612,1.3866894509939665
1778685610.7044847,5.9387054111749675,0.8590420211071796,6.0538200743098685,0.47767240242630127,1.3356112954659893,1.3866894509939665
1778685610.7044847,5.9387054111749675,0.8590420211071796,6.0538200743098685,0.47767240242630127,1.3356112954659893,1.3866894509939665
1778685610.7044847,5.9387054111749675,0.8590420211071796,6.0538200743098685,0.47767240242630127,1.3356112954659893,1.3865885377240181
1778685610.7044847,5.9387054111749675,0.8590420211071796,6.0538200743098685,0.47767240242630127,1.3356112954659893,1.3865885377240181
1778685610.7044847,5.9387054111749675,0.8590420211071796,6.0538200743098685,0.47767240242630127,1.3356112954659893,1.3865864975543636
1778685610.8466082,5.9356315976002465,0.8550430370808244,6.0538200743098685,0.47767240242630127,1.3354111291322839,1.3865864975543636
1778685610.8466082,5.9356315976002465,0.8550430370808244,6.053833121710498,0.4775732572532629,1.3354111291322839,1.3865864975543636
1778685610.8466082,5.9356315976002465,0.8550430370808244,6.053833121710498,0.4775732572532629,1.3354111291322839,1.3865864975543636
1778685610.9607427,5.932667122123355,0.8608977309833503,6.053833121710498,0.4775732572532629,1.333817352118205,1.3865864975543636
1778685610.9607427,5.932667122123355,0.8608977309833503,6.053733976537459,0.47756020985263364,1.333817352118205,1.3865864975543636
1778685610.9607427,5.932667122123355,0.8608977309833503,6.053733976537459,0.47756020985263364,1.333817352118205,1.3865864975543636
1778685611.1010416,5.931781185092319,0.8608656239447914,6.053733976537459,0.47756020985263364,1.3332238448530778,1.3865864975543636
1778685611.1010416,5.931781185092319,0.8608656239447914,6.0538200743098685,0.47767240242630127,1.3332238448530778,1.3865864975543636
1778685611.1010416,5.931781185092319,0.8608656239447914,6.0538200743098685,0.47767240242630127,1.3332238448530778,1.386582563687995
1778685611.2168777,5.939178734191683,0.8525444294146982,6.0538200743098685,0.47767240242630127,1.3366397923315252,1.386582563687995
1778685611.2168777,5.939178734191683,0.8525444294146982,6.0538200743098685,0.47767240242630127,1.3366397923315252,1.386582563687995
1778685611.2168777,5.939178734191683,0.8525444294146982,6.0538200743098685,0.47767240242630127,1.3366397923315252,1.386681576324744
